task,trial,subject,video_path,start_frame,end_frame,gesture
Suturing,Suturing_E001,E,/kaggle/input/datasets/anaghabpoojari11/surgbench/Suturing/Suturing/video/Suturing_E001_capture2.avi,10,119,G1
Suturing,Suturing_E001,E,/kaggle/input/datasets/anaghabpoojari11/surgbench/Suturing/Suturing/video/Suturing_E001_capture2.avi,120,245,G5
Suturing,Suturing_E001,E,/kaggle/input/datasets/anaghabpoojari11/surgbench/Suturing/Suturing/video/Suturing_E001_capture2.avi,246,341,G2
Suturing,Suturing_E001,E,/kaggle/input/datasets/anaghabpoojari11/surgbench/Suturing/Suturing/video/Suturing_E001_capture2.avi,342,752,G3
Suturing,Suturing_E001,E,/kaggle/input/datasets/anaghabpoojari11/surgbench/Suturing/Suturing/video/Suturing_E001_capture2.avi,753,902,G6
Suturing,Suturing_E001,E,/kaggle/input/datasets/anaghabpoojari11/surgbench/Suturing/Suturing/video/Suturing_E001_capture2.avi,903,1076,G4
Suturing,Suturing_E001,E,/kaggle/input/datasets/anaghabpoojari11/surgbench/Suturing/Suturing/video/Suturing_E001_capture2.avi,1077,1146,G2
Suturing,Suturing_E001,E,/kaggle/input/datasets/anaghabpoojari11/surgbench/Suturing/Suturing/video/Suturing_E001_capture2.avi,1147,1462,G3
Suturing,Suturing_E001,E,/kaggle/input/datasets/anaghabpoojari11/surgbench/Suturing/Suturing/video/Suturing_E001_capture2.avi,1463,1637,G6
Suturing,Suturing_E001,E,/kaggle/input/datasets/anaghabpoojari11/surgbench/Suturing/Suturing/video/Suturing_E001_capture2.avi,1638,1763,G4
Suturing,Suturing_E001,E,/kaggle/input/datasets/anaghabpoojari11/surgbench/Suturing/Suturing/video/Suturing_E001_capture2.avi,1764,1843,G2
Suturing,Suturing_E001,E,/kaggle/input/datasets/anaghabpoojari11/surgbench/Suturing/Suturing/video/Suturing_E001_capture2.avi,1844,2036,G3
Suturing,Suturing_E001,E,/kaggle/input/datasets/anaghabpoojari11/surgbench/Suturing/Suturing/video/Suturing_E001_capture2.avi,2037,2347,G6
Suturing,Suturing_E001,E,/kaggle/input/datasets/anaghabpoojari11/surgbench/Suturing/Suturing/video/Suturing_E001_capture2.avi,2348,2573,G4
Suturing,Suturing_E001,E,/kaggle/input/datasets/anaghabpoojari11/surgbench/Suturing/Suturing/video/Suturing_E001_capture2.avi,2574,2642,G2
Suturing,Suturing_E001,E,/kaggle/input/datasets/anaghabpoojari11/surgbench/Suturing/Suturing/video/Suturing_E001_capture2.avi,2643,2920,G3
Suturing,Suturing_E001,E,/kaggle/input/datasets/anaghabpoojari11/surgbench/Suturing/Suturing/video/Suturing_E001_capture2.avi,2921,3076,G6
Suturing,Suturing_E001,E,/kaggle/input/datasets/anaghabpoojari11/surgbench/Suturing/Suturing/video/Suturing_E001_capture2.avi,3077,3593,G11
Suturing,Suturing_G002,G,/kaggle/input/datasets/anaghabpoojari11/surgbench/Suturing/Suturing/video/Suturing_G002_capture2.avi,1,94,G5
Suturing,Suturing_G002,G,/kaggle/input/datasets/anaghabpoojari11/surgbench/Suturing/Suturing/video/Suturing_G002_capture2.avi,95,188,G8
Suturing,Suturing_G002,G,/kaggle/input/datasets/anaghabpoojari11/surgbench/Suturing/Suturing/video/Suturing_G002_capture2.avi,189,239,G2
Suturing,Suturing_G002,G,/kaggle/input/datasets/anaghabpoojari11/surgbench/Suturing/Suturing/video/Suturing_G002_capture2.avi,240,479,G3
Suturing,Suturing_G002,G,/kaggle/input/datasets/anaghabpoojari11/surgbench/Suturing/Suturing/video/Suturing_G002_capture2.avi,480,697,G6
Suturing,Suturing_G002,G,/kaggle/input/datasets/anaghabpoojari11/surgbench/Suturing/Suturing/video/Suturing_G002_capture2.avi,698,816,G4
Suturing,Suturing_G002,G,/kaggle/input/datasets/anaghabpoojari11/surgbench/Suturing/Suturing/video/Suturing_G002_capture2.avi,817,905,G2
Suturing,Suturing_G002,G,/kaggle/input/datasets/anaghabpoojari11/surgbench/Suturing/Suturing/video/Suturing_G002_capture2.avi,906,1287,G3
Suturing,Suturing_G002,G,/kaggle/input/datasets/anaghabpoojari11/surgbench/Suturing/Suturing/video/Suturing_G002_capture2.avi,1288,1464,G6
Suturing,Suturing_G002,G,/kaggle/input/datasets/anaghabpoojari11/surgbench/Suturing/Suturing/video/Suturing_G002_capture2.avi,1465,1582,G4
Suturing,Suturing_G002,G,/kaggle/input/datasets/anaghabpoojari11/surgbench/Suturing/Suturing/video/Suturing_G002_capture2.avi,1583,1627,G2
Suturing,Suturing_G002,G,/kaggle/input/datasets/anaghabpoojari11/surgbench/Suturing/Suturing/video/Suturing_G002_capture2.avi,1628,1889,G3
Suturing,Suturing_G002,G,/kaggle/input/datasets/anaghabpoojari11/surgbench/Suturing/Suturing/video/Suturing_G002_capture2.avi,1890,2029,G6
Suturing,Suturing_G002,G,/kaggle/input/datasets/anaghabpoojari11/surgbench/Suturing/Suturing/video/Suturing_G002_capture2.avi,2030,2185,G4
Suturing,Suturing_G002,G,/kaggle/input/datasets/anaghabpoojari11/surgbench/Suturing/Suturing/video/Suturing_G002_capture2.avi,2186,2232,G2
Suturing,Suturing_G002,G,/kaggle/input/datasets/anaghabpoojari11/surgbench/Suturing/Suturing/video/Suturing_G002_capture2.avi,2233,2462,G3
Suturing,Suturing_G002,G,/kaggle/input/datasets/anaghabpoojari11/surgbench/Suturing/Suturing/video/Suturing_G002_capture2.avi,2463,2670,G8
Suturing,Suturing_G002,G,/kaggle/input/datasets/anaghabpoojari11/surgbench/Suturing/Suturing/video/Suturing_G002_capture2.avi,2671,3010,G3
Suturing,Suturing_G002,G,/kaggle/input/datasets/anaghabpoojari11/surgbench/Suturing/Suturing/video/Suturing_G002_capture2.avi,3011,3159,G6
Suturing,Suturing_G002,G,/kaggle/input/datasets/anaghabpoojari11/surgbench/Suturing/Suturing/video/Suturing_G002_capture2.avi,3160,3379,G11
Suturing,Suturing_F001,F,/kaggle/input/datasets/anaghabpoojari11/surgbench/Suturing/Suturing/video/Suturing_F001_capture2.avi,35,85,G1
Suturing,Suturing_F001,F,/kaggle/input/datasets/anaghabpoojari11/surgbench/Suturing/Suturing/video/Suturing_F001_capture2.avi,86,164,G5
Suturing,Suturing_F001,F,/kaggle/input/datasets/anaghabpoojari11/surgbench/Suturing/Suturing/video/Suturing_F001_capture2.avi,165,215,G8
Suturing,Suturing_F001,F,/kaggle/input/datasets/anaghabpoojari11/surgbench/Suturing/Suturing/video/Suturing_F001_capture2.avi,216,294,G2
Suturing,Suturing_F001,F,/kaggle/input/datasets/anaghabpoojari11/surgbench/Suturing/Suturing/video/Suturing_F001_capture2.avi,295,532,G3
Suturing,Suturing_F001,F,/kaggle/input/datasets/anaghabpoojari11/surgbench/Suturing/Suturing/video/Suturing_F001_capture2.avi,533,753,G6
Suturing,Suturing_F001,F,/kaggle/input/datasets/anaghabpoojari11/surgbench/Suturing/Suturing/video/Suturing_F001_capture2.avi,754,854,G4
Suturing,Suturing_F001,F,/kaggle/input/datasets/anaghabpoojari11/surgbench/Suturing/Suturing/video/Suturing_F001_capture2.avi,855,934,G2
Suturing,Suturing_F001,F,/kaggle/input/datasets/anaghabpoojari11/surgbench/Suturing/Suturing/video/Suturing_F001_capture2.avi,935,1145,G3
Suturing,Suturing_F001,F,/kaggle/input/datasets/anaghabpoojari11/surgbench/Suturing/Suturing/video/Suturing_F001_capture2.avi,1146,1254,G6
Suturing,Suturing_F001,F,/kaggle/input/datasets/anaghabpoojari11/surgbench/Suturing/Suturing/video/Suturing_F001_capture2.avi,1255,1369,G4
Suturing,Suturing_F001,F,/kaggle/input/datasets/anaghabpoojari11/surgbench/Suturing/Suturing/video/Suturing_F001_capture2.avi,1370,1475,G2
Suturing,Suturing_F001,F,/kaggle/input/datasets/anaghabpoojari11/surgbench/Suturing/Suturing/video/Suturing_F001_capture2.avi,1476,1701,G3
Suturing,Suturing_F001,F,/kaggle/input/datasets/anaghabpoojari11/surgbench/Suturing/Suturing/video/Suturing_F001_capture2.avi,1702,1801,G6
Suturing,Suturing_F001,F,/kaggle/input/datasets/anaghabpoojari11/surgbench/Suturing/Suturing/video/Suturing_F001_capture2.avi,1802,1995,G4
Suturing,Suturing_F001,F,/kaggle/input/datasets/anaghabpoojari11/surgbench/Suturing/Suturing/video/Suturing_F001_capture2.avi,1996,2199,G2
Suturing,Suturing_F001,F,/kaggle/input/datasets/anaghabpoojari11/surgbench/Suturing/Suturing/video/Suturing_F001_capture2.avi,2200,2498,G3
Suturing,Suturing_F001,F,/kaggle/input/datasets/anaghabpoojari11/surgbench/Suturing/Suturing/video/Suturing_F001_capture2.avi,2499,2838,G11
Suturing,Suturing_B005,B,/kaggle/input/datasets/anaghabpoojari11/surgbench/Suturing/Suturing/video/Suturing_B005_capture2.avi,1,11,G1
Suturing,Suturing_B005,B,/kaggle/input/datasets/anaghabpoojari11/surgbench/Suturing/Suturing/video/Suturing_B005_capture2.avi,12,101,G5
Suturing,Suturing_B005,B,/kaggle/input/datasets/anaghabpoojari11/surgbench/Suturing/Suturing/video/Suturing_B005_capture2.avi,102,446,G8
Suturing,Suturing_B005,B,/kaggle/input/datasets/anaghabpoojari11/surgbench/Suturing/Suturing/video/Suturing_B005_capture2.avi,447,516,G2
Suturing,Suturing_B005,B,/kaggle/input/datasets/anaghabpoojari11/surgbench/Suturing/Suturing/video/Suturing_B005_capture2.avi,517,967,G3
Suturing,Suturing_B005,B,/kaggle/input/datasets/anaghabpoojari11/surgbench/Suturing/Suturing/video/Suturing_B005_capture2.avi,968,1115,G6
Suturing,Suturing_B005,B,/kaggle/input/datasets/anaghabpoojari11/surgbench/Suturing/Suturing/video/Suturing_B005_capture2.avi,1116,1186,G4
Suturing,Suturing_B005,B,/kaggle/input/datasets/anaghabpoojari11/surgbench/Suturing/Suturing/video/Suturing_B005_capture2.avi,1187,1261,G2
Suturing,Suturing_B005,B,/kaggle/input/datasets/anaghabpoojari11/surgbench/Suturing/Suturing/video/Suturing_B005_capture2.avi,1262,1489,G3
Suturing,Suturing_B005,B,/kaggle/input/datasets/anaghabpoojari11/surgbench/Suturing/Suturing/video/Suturing_B005_capture2.avi,1490,1667,G6
Suturing,Suturing_B005,B,/kaggle/input/datasets/anaghabpoojari11/surgbench/Suturing/Suturing/video/Suturing_B005_capture2.avi,1668,1779,G4
Suturing,Suturing_B005,B,/kaggle/input/datasets/anaghabpoojari11/surgbench/Suturing/Suturing/video/Suturing_B005_capture2.avi,1780,1845,G2
Suturing,Suturing_B005,B,/kaggle/input/datasets/anaghabpoojari11/surgbench/Suturing/Suturing/video/Suturing_B005_capture2.avi,1846,2089,G3
Suturing,Suturing_B005,B,/kaggle/input/datasets/anaghabpoojari11/surgbench/Suturing/Suturing/video/Suturing_B005_capture2.avi,2090,2234,G6
Suturing,Suturing_B005,B,/kaggle/input/datasets/anaghabpoojari11/surgbench/Suturing/Suturing/video/Suturing_B005_capture2.avi,2235,2329,G4
Suturing,Suturing_B005,B,/kaggle/input/datasets/anaghabpoojari11/surgbench/Suturing/Suturing/video/Suturing_B005_capture2.avi,2330,2372,G2
Suturing,Suturing_B005,B,/kaggle/input/datasets/anaghabpoojari11/surgbench/Suturing/Suturing/video/Suturing_B005_capture2.avi,2373,2588,G3
Suturing,Suturing_B005,B,/kaggle/input/datasets/anaghabpoojari11/surgbench/Suturing/Suturing/video/Suturing_B005_capture2.avi,2589,2693,G6
Suturing,Suturing_B005,B,/kaggle/input/datasets/anaghabpoojari11/surgbench/Suturing/Suturing/video/Suturing_B005_capture2.avi,2694,2848,G11
Suturing,Suturing_H004,H,/kaggle/input/datasets/anaghabpoojari11/surgbench/Suturing/Suturing/video/Suturing_H004_capture2.avi,1,75,G1
Suturing,Suturing_H004,H,/kaggle/input/datasets/anaghabpoojari11/surgbench/Suturing/Suturing/video/Suturing_H004_capture2.avi,76,193,G5
Suturing,Suturing_H004,H,/kaggle/input/datasets/anaghabpoojari11/surgbench/Suturing/Suturing/video/Suturing_H004_capture2.avi,194,381,G8
Suturing,Suturing_H004,H,/kaggle/input/datasets/anaghabpoojari11/surgbench/Suturing/Suturing/video/Suturing_H004_capture2.avi,382,475,G2
Suturing,Suturing_H004,H,/kaggle/input/datasets/anaghabpoojari11/surgbench/Suturing/Suturing/video/Suturing_H004_capture2.avi,476,660,G3
Suturing,Suturing_H004,H,/kaggle/input/datasets/anaghabpoojari11/surgbench/Suturing/Suturing/video/Suturing_H004_capture2.avi,661,816,G6
Suturing,Suturing_H004,H,/kaggle/input/datasets/anaghabpoojari11/surgbench/Suturing/Suturing/video/Suturing_H004_capture2.avi,817,990,G4
Suturing,Suturing_H004,H,/kaggle/input/datasets/anaghabpoojari11/surgbench/Suturing/Suturing/video/Suturing_H004_capture2.avi,991,1022,G9
Suturing,Suturing_H004,H,/kaggle/input/datasets/anaghabpoojari11/surgbench/Suturing/Suturing/video/Suturing_H004_capture2.avi,1023,1173,G4
Suturing,Suturing_H004,H,/kaggle/input/datasets/anaghabpoojari11/surgbench/Suturing/Suturing/video/Suturing_H004_capture2.avi,1174,1295,G2
Suturing,Suturing_H004,H,/kaggle/input/datasets/anaghabpoojari11/surgbench/Suturing/Suturing/video/Suturing_H004_capture2.avi,1296,1533,G3
Suturing,Suturing_H004,H,/kaggle/input/datasets/anaghabpoojari11/surgbench/Suturing/Suturing/video/Suturing_H004_capture2.avi,1534,2014,G6
Suturing,Suturing_H004,H,/kaggle/input/datasets/anaghabpoojari11/surgbench/Suturing/Suturing/video/Suturing_H004_capture2.avi,2015,2059,G9
Suturing,Suturing_H004,H,/kaggle/input/datasets/anaghabpoojari11/surgbench/Suturing/Suturing/video/Suturing_H004_capture2.avi,2060,2271,G4
Suturing,Suturing_H004,H,/kaggle/input/datasets/anaghabpoojari11/surgbench/Suturing/Suturing/video/Suturing_H004_capture2.avi,2272,2401,G2
Suturing,Suturing_H004,H,/kaggle/input/datasets/anaghabpoojari11/surgbench/Suturing/Suturing/video/Suturing_H004_capture2.avi,2402,2631,G3
Suturing,Suturing_H004,H,/kaggle/input/datasets/anaghabpoojari11/surgbench/Suturing/Suturing/video/Suturing_H004_capture2.avi,2632,2860,G6
Suturing,Suturing_H004,H,/kaggle/input/datasets/anaghabpoojari11/surgbench/Suturing/Suturing/video/Suturing_H004_capture2.avi,2861,3046,G4
Suturing,Suturing_H004,H,/kaggle/input/datasets/anaghabpoojari11/surgbench/Suturing/Suturing/video/Suturing_H004_capture2.avi,3047,3149,G2
Suturing,Suturing_H004,H,/kaggle/input/datasets/anaghabpoojari11/surgbench/Suturing/Suturing/video/Suturing_H004_capture2.avi,3150,3566,G3
Suturing,Suturing_H004,H,/kaggle/input/datasets/anaghabpoojari11/surgbench/Suturing/Suturing/video/Suturing_H004_capture2.avi,3567,3780,G6
Suturing,Suturing_H004,H,/kaggle/input/datasets/anaghabpoojari11/surgbench/Suturing/Suturing/video/Suturing_H004_capture2.avi,3781,4020,G11
Suturing,Suturing_D002,D,/kaggle/input/datasets/anaghabpoojari11/surgbench/Suturing/Suturing/video/Suturing_D002_capture2.avi,31,77,G1
Suturing,Suturing_D002,D,/kaggle/input/datasets/anaghabpoojari11/surgbench/Suturing/Suturing/video/Suturing_D002_capture2.avi,78,129,G5
Suturing,Suturing_D002,D,/kaggle/input/datasets/anaghabpoojari11/surgbench/Suturing/Suturing/video/Suturing_D002_capture2.avi,130,182,G2
Suturing,Suturing_D002,D,/kaggle/input/datasets/anaghabpoojari11/surgbench/Suturing/Suturing/video/Suturing_D002_capture2.avi,183,342,G3
Suturing,Suturing_D002,D,/kaggle/input/datasets/anaghabpoojari11/surgbench/Suturing/Suturing/video/Suturing_D002_capture2.avi,343,427,G6
Suturing,Suturing_D002,D,/kaggle/input/datasets/anaghabpoojari11/surgbench/Suturing/Suturing/video/Suturing_D002_capture2.avi,428,522,G9
Suturing,Suturing_D002,D,/kaggle/input/datasets/anaghabpoojari11/surgbench/Suturing/Suturing/video/Suturing_D002_capture2.avi,523,630,G4
Suturing,Suturing_D002,D,/kaggle/input/datasets/anaghabpoojari11/surgbench/Suturing/Suturing/video/Suturing_D002_capture2.avi,631,721,G2
Suturing,Suturing_D002,D,/kaggle/input/datasets/anaghabpoojari11/surgbench/Suturing/Suturing/video/Suturing_D002_capture2.avi,722,897,G3
Suturing,Suturing_D002,D,/kaggle/input/datasets/anaghabpoojari11/surgbench/Suturing/Suturing/video/Suturing_D002_capture2.avi,898,940,G6
Suturing,Suturing_D002,D,/kaggle/input/datasets/anaghabpoojari11/surgbench/Suturing/Suturing/video/Suturing_D002_capture2.avi,941,1001,G9
Suturing,Suturing_D002,D,/kaggle/input/datasets/anaghabpoojari11/surgbench/Suturing/Suturing/video/Suturing_D002_capture2.avi,1002,1085,G4
Suturing,Suturing_D002,D,/kaggle/input/datasets/anaghabpoojari11/surgbench/Suturing/Suturing/video/Suturing_D002_capture2.avi,1086,1172,G2
Suturing,Suturing_D002,D,/kaggle/input/datasets/anaghabpoojari11/surgbench/Suturing/Suturing/video/Suturing_D002_capture2.avi,1173,1317,G3
Suturing,Suturing_D002,D,/kaggle/input/datasets/anaghabpoojari11/surgbench/Suturing/Suturing/video/Suturing_D002_capture2.avi,1318,1382,G6
Suturing,Suturing_D002,D,/kaggle/input/datasets/anaghabpoojari11/surgbench/Suturing/Suturing/video/Suturing_D002_capture2.avi,1383,1489,G9
Suturing,Suturing_D002,D,/kaggle/input/datasets/anaghabpoojari11/surgbench/Suturing/Suturing/video/Suturing_D002_capture2.avi,1490,1563,G4
Suturing,Suturing_D002,D,/kaggle/input/datasets/anaghabpoojari11/surgbench/Suturing/Suturing/video/Suturing_D002_capture2.avi,1564,1613,G2
Suturing,Suturing_D002,D,/kaggle/input/datasets/anaghabpoojari11/surgbench/Suturing/Suturing/video/Suturing_D002_capture2.avi,1614,1842,G3
Suturing,Suturing_D002,D,/kaggle/input/datasets/anaghabpoojari11/surgbench/Suturing/Suturing/video/Suturing_D002_capture2.avi,1843,1893,G6
Suturing,Suturing_D002,D,/kaggle/input/datasets/anaghabpoojari11/surgbench/Suturing/Suturing/video/Suturing_D002_capture2.avi,1894,1912,G9
Suturing,Suturing_D002,D,/kaggle/input/datasets/anaghabpoojari11/surgbench/Suturing/Suturing/video/Suturing_D002_capture2.avi,1913,2032,G11
Suturing,Suturing_B002,B,/kaggle/input/datasets/anaghabpoojari11/surgbench/Suturing/Suturing/video/Suturing_B002_capture2.avi,5,78,G1
Suturing,Suturing_B002,B,/kaggle/input/datasets/anaghabpoojari11/surgbench/Suturing/Suturing/video/Suturing_B002_capture2.avi,79,203,G5
Suturing,Suturing_B002,B,/kaggle/input/datasets/anaghabpoojari11/surgbench/Suturing/Suturing/video/Suturing_B002_capture2.avi,204,550,G8
Suturing,Suturing_B002,B,/kaggle/input/datasets/anaghabpoojari11/surgbench/Suturing/Suturing/video/Suturing_B002_capture2.avi,551,613,G2
Suturing,Suturing_B002,B,/kaggle/input/datasets/anaghabpoojari11/surgbench/Suturing/Suturing/video/Suturing_B002_capture2.avi,614,862,G3
Suturing,Suturing_B002,B,/kaggle/input/datasets/anaghabpoojari11/surgbench/Suturing/Suturing/video/Suturing_B002_capture2.avi,863,1115,G6
Suturing,Suturing_B002,B,/kaggle/input/datasets/anaghabpoojari11/surgbench/Suturing/Suturing/video/Suturing_B002_capture2.avi,1116,1272,G4
Suturing,Suturing_B002,B,/kaggle/input/datasets/anaghabpoojari11/surgbench/Suturing/Suturing/video/Suturing_B002_capture2.avi,1273,1402,G2
Suturing,Suturing_B002,B,/kaggle/input/datasets/anaghabpoojari11/surgbench/Suturing/Suturing/video/Suturing_B002_capture2.avi,1403,1729,G3
Suturing,Suturing_B002,B,/kaggle/input/datasets/anaghabpoojari11/surgbench/Suturing/Suturing/video/Suturing_B002_capture2.avi,1730,1890,G6
Suturing,Suturing_B002,B,/kaggle/input/datasets/anaghabpoojari11/surgbench/Suturing/Suturing/video/Suturing_B002_capture2.avi,1891,2011,G4
Suturing,Suturing_B002,B,/kaggle/input/datasets/anaghabpoojari11/surgbench/Suturing/Suturing/video/Suturing_B002_capture2.avi,2012,2094,G2
Suturing,Suturing_B002,B,/kaggle/input/datasets/anaghabpoojari11/surgbench/Suturing/Suturing/video/Suturing_B002_capture2.avi,2095,2481,G3
Suturing,Suturing_B002,B,/kaggle/input/datasets/anaghabpoojari11/surgbench/Suturing/Suturing/video/Suturing_B002_capture2.avi,2482,2772,G6
Suturing,Suturing_B002,B,/kaggle/input/datasets/anaghabpoojari11/surgbench/Suturing/Suturing/video/Suturing_B002_capture2.avi,2773,2877,G4
Suturing,Suturing_B002,B,/kaggle/input/datasets/anaghabpoojari11/surgbench/Suturing/Suturing/video/Suturing_B002_capture2.avi,2878,2936,G2
Suturing,Suturing_B002,B,/kaggle/input/datasets/anaghabpoojari11/surgbench/Suturing/Suturing/video/Suturing_B002_capture2.avi,2937,3127,G3
Suturing,Suturing_B002,B,/kaggle/input/datasets/anaghabpoojari11/surgbench/Suturing/Suturing/video/Suturing_B002_capture2.avi,3128,3289,G6
Suturing,Suturing_B002,B,/kaggle/input/datasets/anaghabpoojari11/surgbench/Suturing/Suturing/video/Suturing_B002_capture2.avi,3290,3424,G11
Suturing,Suturing_G001,G,/kaggle/input/datasets/anaghabpoojari11/surgbench/Suturing/Suturing/video/Suturing_G001_capture2.avi,1,149,G5
Suturing,Suturing_G001,G,/kaggle/input/datasets/anaghabpoojari11/surgbench/Suturing/Suturing/video/Suturing_G001_capture2.avi,150,366,G8
Suturing,Suturing_G001,G,/kaggle/input/datasets/anaghabpoojari11/surgbench/Suturing/Suturing/video/Suturing_G001_capture2.avi,367,498,G2
Suturing,Suturing_G001,G,/kaggle/input/datasets/anaghabpoojari11/surgbench/Suturing/Suturing/video/Suturing_G001_capture2.avi,499,772,G3
Suturing,Suturing_G001,G,/kaggle/input/datasets/anaghabpoojari11/surgbench/Suturing/Suturing/video/Suturing_G001_capture2.avi,773,938,G6
Suturing,Suturing_G001,G,/kaggle/input/datasets/anaghabpoojari11/surgbench/Suturing/Suturing/video/Suturing_G001_capture2.avi,939,1131,G4
Suturing,Suturing_G001,G,/kaggle/input/datasets/anaghabpoojari11/surgbench/Suturing/Suturing/video/Suturing_G001_capture2.avi,1132,1225,G5
Suturing,Suturing_G001,G,/kaggle/input/datasets/anaghabpoojari11/surgbench/Suturing/Suturing/video/Suturing_G001_capture2.avi,1226,1353,G6
Suturing,Suturing_G001,G,/kaggle/input/datasets/anaghabpoojari11/surgbench/Suturing/Suturing/video/Suturing_G001_capture2.avi,1354,1477,G2
Suturing,Suturing_G001,G,/kaggle/input/datasets/anaghabpoojari11/surgbench/Suturing/Suturing/video/Suturing_G001_capture2.avi,1478,2418,G3
Suturing,Suturing_G001,G,/kaggle/input/datasets/anaghabpoojari11/surgbench/Suturing/Suturing/video/Suturing_G001_capture2.avi,2419,2620,G8
Suturing,Suturing_G001,G,/kaggle/input/datasets/anaghabpoojari11/surgbench/Suturing/Suturing/video/Suturing_G001_capture2.avi,2621,2670,G2
Suturing,Suturing_G001,G,/kaggle/input/datasets/anaghabpoojari11/surgbench/Suturing/Suturing/video/Suturing_G001_capture2.avi,2671,2854,G3
Suturing,Suturing_G001,G,/kaggle/input/datasets/anaghabpoojari11/surgbench/Suturing/Suturing/video/Suturing_G001_capture2.avi,2855,2990,G8
Suturing,Suturing_G001,G,/kaggle/input/datasets/anaghabpoojari11/surgbench/Suturing/Suturing/video/Suturing_G001_capture2.avi,2991,3111,G3
Suturing,Suturing_G001,G,/kaggle/input/datasets/anaghabpoojari11/surgbench/Suturing/Suturing/video/Suturing_G001_capture2.avi,3112,3509,G8
Suturing,Suturing_G001,G,/kaggle/input/datasets/anaghabpoojari11/surgbench/Suturing/Suturing/video/Suturing_G001_capture2.avi,3510,3564,G2
Suturing,Suturing_G001,G,/kaggle/input/datasets/anaghabpoojari11/surgbench/Suturing/Suturing/video/Suturing_G001_capture2.avi,3565,3646,G3
Suturing,Suturing_G001,G,/kaggle/input/datasets/anaghabpoojari11/surgbench/Suturing/Suturing/video/Suturing_G001_capture2.avi,3647,4096,G8
Suturing,Suturing_G001,G,/kaggle/input/datasets/anaghabpoojari11/surgbench/Suturing/Suturing/video/Suturing_G001_capture2.avi,4097,4276,G3
Suturing,Suturing_G001,G,/kaggle/input/datasets/anaghabpoojari11/surgbench/Suturing/Suturing/video/Suturing_G001_capture2.avi,4277,4425,G6
Suturing,Suturing_G001,G,/kaggle/input/datasets/anaghabpoojari11/surgbench/Suturing/Suturing/video/Suturing_G001_capture2.avi,4426,4556,G4
Suturing,Suturing_G001,G,/kaggle/input/datasets/anaghabpoojari11/surgbench/Suturing/Suturing/video/Suturing_G001_capture2.avi,4557,4716,G9
Suturing,Suturing_G001,G,/kaggle/input/datasets/anaghabpoojari11/surgbench/Suturing/Suturing/video/Suturing_G001_capture2.avi,4717,4835,G2
Suturing,Suturing_G001,G,/kaggle/input/datasets/anaghabpoojari11/surgbench/Suturing/Suturing/video/Suturing_G001_capture2.avi,4836,5003,G3
Suturing,Suturing_G001,G,/kaggle/input/datasets/anaghabpoojari11/surgbench/Suturing/Suturing/video/Suturing_G001_capture2.avi,5004,5632,G8
Suturing,Suturing_G001,G,/kaggle/input/datasets/anaghabpoojari11/surgbench/Suturing/Suturing/video/Suturing_G001_capture2.avi,5633,5846,G3
Suturing,Suturing_G001,G,/kaggle/input/datasets/anaghabpoojari11/surgbench/Suturing/Suturing/video/Suturing_G001_capture2.avi,5847,6253,G6
Suturing,Suturing_G001,G,/kaggle/input/datasets/anaghabpoojari11/surgbench/Suturing/Suturing/video/Suturing_G001_capture2.avi,6254,6406,G4
Suturing,Suturing_G001,G,/kaggle/input/datasets/anaghabpoojari11/surgbench/Suturing/Suturing/video/Suturing_G001_capture2.avi,6407,6520,G2
Suturing,Suturing_G001,G,/kaggle/input/datasets/anaghabpoojari11/surgbench/Suturing/Suturing/video/Suturing_G001_capture2.avi,6521,7627,G3
Suturing,Suturing_G001,G,/kaggle/input/datasets/anaghabpoojari11/surgbench/Suturing/Suturing/video/Suturing_G001_capture2.avi,7628,7655,G6
Suturing,Suturing_G001,G,/kaggle/input/datasets/anaghabpoojari11/surgbench/Suturing/Suturing/video/Suturing_G001_capture2.avi,7656,8181,G8
Suturing,Suturing_G001,G,/kaggle/input/datasets/anaghabpoojari11/surgbench/Suturing/Suturing/video/Suturing_G001_capture2.avi,8182,8280,G2
Suturing,Suturing_G001,G,/kaggle/input/datasets/anaghabpoojari11/surgbench/Suturing/Suturing/video/Suturing_G001_capture2.avi,8281,8675,G3
Suturing,Suturing_G001,G,/kaggle/input/datasets/anaghabpoojari11/surgbench/Suturing/Suturing/video/Suturing_G001_capture2.avi,8676,8833,G6
Suturing,Suturing_G001,G,/kaggle/input/datasets/anaghabpoojari11/surgbench/Suturing/Suturing/video/Suturing_G001_capture2.avi,8834,9012,G11
Suturing,Suturing_E004,E,/kaggle/input/datasets/anaghabpoojari11/surgbench/Suturing/Suturing/video/Suturing_E004_capture2.avi,57,130,G1
Suturing,Suturing_E004,E,/kaggle/input/datasets/anaghabpoojari11/surgbench/Suturing/Suturing/video/Suturing_E004_capture2.avi,131,170,G5
Suturing,Suturing_E004,E,/kaggle/input/datasets/anaghabpoojari11/surgbench/Suturing/Suturing/video/Suturing_E004_capture2.avi,171,237,G2
Suturing,Suturing_E004,E,/kaggle/input/datasets/anaghabpoojari11/surgbench/Suturing/Suturing/video/Suturing_E004_capture2.avi,238,537,G3
Suturing,Suturing_E004,E,/kaggle/input/datasets/anaghabpoojari11/surgbench/Suturing/Suturing/video/Suturing_E004_capture2.avi,538,695,G6
Suturing,Suturing_E004,E,/kaggle/input/datasets/anaghabpoojari11/surgbench/Suturing/Suturing/video/Suturing_E004_capture2.avi,696,804,G4
Suturing,Suturing_E004,E,/kaggle/input/datasets/anaghabpoojari11/surgbench/Suturing/Suturing/video/Suturing_E004_capture2.avi,805,867,G2
Suturing,Suturing_E004,E,/kaggle/input/datasets/anaghabpoojari11/surgbench/Suturing/Suturing/video/Suturing_E004_capture2.avi,868,1121,G3
Suturing,Suturing_E004,E,/kaggle/input/datasets/anaghabpoojari11/surgbench/Suturing/Suturing/video/Suturing_E004_capture2.avi,1122,1261,G6
Suturing,Suturing_E004,E,/kaggle/input/datasets/anaghabpoojari11/surgbench/Suturing/Suturing/video/Suturing_E004_capture2.avi,1262,1435,G4
Suturing,Suturing_E004,E,/kaggle/input/datasets/anaghabpoojari11/surgbench/Suturing/Suturing/video/Suturing_E004_capture2.avi,1436,1484,G2
Suturing,Suturing_E004,E,/kaggle/input/datasets/anaghabpoojari11/surgbench/Suturing/Suturing/video/Suturing_E004_capture2.avi,1485,1668,G3
Suturing,Suturing_E004,E,/kaggle/input/datasets/anaghabpoojari11/surgbench/Suturing/Suturing/video/Suturing_E004_capture2.avi,1669,1809,G6
Suturing,Suturing_E004,E,/kaggle/input/datasets/anaghabpoojari11/surgbench/Suturing/Suturing/video/Suturing_E004_capture2.avi,1810,1902,G9
Suturing,Suturing_E004,E,/kaggle/input/datasets/anaghabpoojari11/surgbench/Suturing/Suturing/video/Suturing_E004_capture2.avi,1903,1976,G6
Suturing,Suturing_E004,E,/kaggle/input/datasets/anaghabpoojari11/surgbench/Suturing/Suturing/video/Suturing_E004_capture2.avi,1977,2141,G4
Suturing,Suturing_E004,E,/kaggle/input/datasets/anaghabpoojari11/surgbench/Suturing/Suturing/video/Suturing_E004_capture2.avi,2142,2188,G2
Suturing,Suturing_E004,E,/kaggle/input/datasets/anaghabpoojari11/surgbench/Suturing/Suturing/video/Suturing_E004_capture2.avi,2189,2415,G3
Suturing,Suturing_E004,E,/kaggle/input/datasets/anaghabpoojari11/surgbench/Suturing/Suturing/video/Suturing_E004_capture2.avi,2416,2527,G6
Suturing,Suturing_E004,E,/kaggle/input/datasets/anaghabpoojari11/surgbench/Suturing/Suturing/video/Suturing_E004_capture2.avi,2528,2926,G11
Suturing,Suturing_D005,D,/kaggle/input/datasets/anaghabpoojari11/surgbench/Suturing/Suturing/video/Suturing_D005_capture2.avi,21,57,G1
Suturing,Suturing_D005,D,/kaggle/input/datasets/anaghabpoojari11/surgbench/Suturing/Suturing/video/Suturing_D005_capture2.avi,58,134,G5
Suturing,Suturing_D005,D,/kaggle/input/datasets/anaghabpoojari11/surgbench/Suturing/Suturing/video/Suturing_D005_capture2.avi,135,221,G8
Suturing,Suturing_D005,D,/kaggle/input/datasets/anaghabpoojari11/surgbench/Suturing/Suturing/video/Suturing_D005_capture2.avi,222,294,G2
Suturing,Suturing_D005,D,/kaggle/input/datasets/anaghabpoojari11/surgbench/Suturing/Suturing/video/Suturing_D005_capture2.avi,295,402,G3
Suturing,Suturing_D005,D,/kaggle/input/datasets/anaghabpoojari11/surgbench/Suturing/Suturing/video/Suturing_D005_capture2.avi,403,466,G6
Suturing,Suturing_D005,D,/kaggle/input/datasets/anaghabpoojari11/surgbench/Suturing/Suturing/video/Suturing_D005_capture2.avi,467,528,G9
Suturing,Suturing_D005,D,/kaggle/input/datasets/anaghabpoojari11/surgbench/Suturing/Suturing/video/Suturing_D005_capture2.avi,529,621,G4
Suturing,Suturing_D005,D,/kaggle/input/datasets/anaghabpoojari11/surgbench/Suturing/Suturing/video/Suturing_D005_capture2.avi,622,689,G2
Suturing,Suturing_D005,D,/kaggle/input/datasets/anaghabpoojari11/surgbench/Suturing/Suturing/video/Suturing_D005_capture2.avi,690,820,G3
Suturing,Suturing_D005,D,/kaggle/input/datasets/anaghabpoojari11/surgbench/Suturing/Suturing/video/Suturing_D005_capture2.avi,821,875,G6
Suturing,Suturing_D005,D,/kaggle/input/datasets/anaghabpoojari11/surgbench/Suturing/Suturing/video/Suturing_D005_capture2.avi,876,930,G9
Suturing,Suturing_D005,D,/kaggle/input/datasets/anaghabpoojari11/surgbench/Suturing/Suturing/video/Suturing_D005_capture2.avi,931,1011,G4
Suturing,Suturing_D005,D,/kaggle/input/datasets/anaghabpoojari11/surgbench/Suturing/Suturing/video/Suturing_D005_capture2.avi,1012,1115,G2
Suturing,Suturing_D005,D,/kaggle/input/datasets/anaghabpoojari11/surgbench/Suturing/Suturing/video/Suturing_D005_capture2.avi,1116,1249,G3
Suturing,Suturing_D005,D,/kaggle/input/datasets/anaghabpoojari11/surgbench/Suturing/Suturing/video/Suturing_D005_capture2.avi,1250,1336,G6
Suturing,Suturing_D005,D,/kaggle/input/datasets/anaghabpoojari11/surgbench/Suturing/Suturing/video/Suturing_D005_capture2.avi,1337,1373,G9
Suturing,Suturing_D005,D,/kaggle/input/datasets/anaghabpoojari11/surgbench/Suturing/Suturing/video/Suturing_D005_capture2.avi,1374,1433,G4
Suturing,Suturing_D005,D,/kaggle/input/datasets/anaghabpoojari11/surgbench/Suturing/Suturing/video/Suturing_D005_capture2.avi,1434,1496,G2
Suturing,Suturing_D005,D,/kaggle/input/datasets/anaghabpoojari11/surgbench/Suturing/Suturing/video/Suturing_D005_capture2.avi,1497,1625,G3
Suturing,Suturing_D005,D,/kaggle/input/datasets/anaghabpoojari11/surgbench/Suturing/Suturing/video/Suturing_D005_capture2.avi,1626,1678,G6
Suturing,Suturing_D005,D,/kaggle/input/datasets/anaghabpoojari11/surgbench/Suturing/Suturing/video/Suturing_D005_capture2.avi,1679,1714,G9
Suturing,Suturing_D005,D,/kaggle/input/datasets/anaghabpoojari11/surgbench/Suturing/Suturing/video/Suturing_D005_capture2.avi,1715,1779,G11
Suturing,Suturing_D001,D,/kaggle/input/datasets/anaghabpoojari11/surgbench/Suturing/Suturing/video/Suturing_D001_capture2.avi,118,145,G1
Suturing,Suturing_D001,D,/kaggle/input/datasets/anaghabpoojari11/surgbench/Suturing/Suturing/video/Suturing_D001_capture2.avi,146,196,G5
Suturing,Suturing_D001,D,/kaggle/input/datasets/anaghabpoojari11/surgbench/Suturing/Suturing/video/Suturing_D001_capture2.avi,197,350,G8
Suturing,Suturing_D001,D,/kaggle/input/datasets/anaghabpoojari11/surgbench/Suturing/Suturing/video/Suturing_D001_capture2.avi,351,425,G2
Suturing,Suturing_D001,D,/kaggle/input/datasets/anaghabpoojari11/surgbench/Suturing/Suturing/video/Suturing_D001_capture2.avi,426,541,G3
Suturing,Suturing_D001,D,/kaggle/input/datasets/anaghabpoojari11/surgbench/Suturing/Suturing/video/Suturing_D001_capture2.avi,542,635,G6
Suturing,Suturing_D001,D,/kaggle/input/datasets/anaghabpoojari11/surgbench/Suturing/Suturing/video/Suturing_D001_capture2.avi,636,853,G9
Suturing,Suturing_D001,D,/kaggle/input/datasets/anaghabpoojari11/surgbench/Suturing/Suturing/video/Suturing_D001_capture2.avi,854,1052,G4
Suturing,Suturing_D001,D,/kaggle/input/datasets/anaghabpoojari11/surgbench/Suturing/Suturing/video/Suturing_D001_capture2.avi,1053,1149,G2
Suturing,Suturing_D001,D,/kaggle/input/datasets/anaghabpoojari11/surgbench/Suturing/Suturing/video/Suturing_D001_capture2.avi,1150,1561,G3
Suturing,Suturing_D001,D,/kaggle/input/datasets/anaghabpoojari11/surgbench/Suturing/Suturing/video/Suturing_D001_capture2.avi,1562,1616,G6
Suturing,Suturing_D001,D,/kaggle/input/datasets/anaghabpoojari11/surgbench/Suturing/Suturing/video/Suturing_D001_capture2.avi,1617,1700,G9
Suturing,Suturing_D001,D,/kaggle/input/datasets/anaghabpoojari11/surgbench/Suturing/Suturing/video/Suturing_D001_capture2.avi,1701,1772,G4
Suturing,Suturing_D001,D,/kaggle/input/datasets/anaghabpoojari11/surgbench/Suturing/Suturing/video/Suturing_D001_capture2.avi,1773,1882,G2
Suturing,Suturing_D001,D,/kaggle/input/datasets/anaghabpoojari11/surgbench/Suturing/Suturing/video/Suturing_D001_capture2.avi,1883,2066,G3
Suturing,Suturing_D001,D,/kaggle/input/datasets/anaghabpoojari11/surgbench/Suturing/Suturing/video/Suturing_D001_capture2.avi,2067,2114,G6
Suturing,Suturing_D001,D,/kaggle/input/datasets/anaghabpoojari11/surgbench/Suturing/Suturing/video/Suturing_D001_capture2.avi,2115,2164,G9
Suturing,Suturing_D001,D,/kaggle/input/datasets/anaghabpoojari11/surgbench/Suturing/Suturing/video/Suturing_D001_capture2.avi,2165,2243,G4
Suturing,Suturing_D001,D,/kaggle/input/datasets/anaghabpoojari11/surgbench/Suturing/Suturing/video/Suturing_D001_capture2.avi,2244,2313,G2
Suturing,Suturing_D001,D,/kaggle/input/datasets/anaghabpoojari11/surgbench/Suturing/Suturing/video/Suturing_D001_capture2.avi,2314,2583,G3
Suturing,Suturing_D001,D,/kaggle/input/datasets/anaghabpoojari11/surgbench/Suturing/Suturing/video/Suturing_D001_capture2.avi,2584,2691,G6
Suturing,Suturing_D001,D,/kaggle/input/datasets/anaghabpoojari11/surgbench/Suturing/Suturing/video/Suturing_D001_capture2.avi,2692,2770,G11
Suturing,Suturing_H003,H,/kaggle/input/datasets/anaghabpoojari11/surgbench/Suturing/Suturing/video/Suturing_H003_capture2.avi,1,90,G1
Suturing,Suturing_H003,H,/kaggle/input/datasets/anaghabpoojari11/surgbench/Suturing/Suturing/video/Suturing_H003_capture2.avi,91,245,G5
Suturing,Suturing_H003,H,/kaggle/input/datasets/anaghabpoojari11/surgbench/Suturing/Suturing/video/Suturing_H003_capture2.avi,246,434,G8
Suturing,Suturing_H003,H,/kaggle/input/datasets/anaghabpoojari11/surgbench/Suturing/Suturing/video/Suturing_H003_capture2.avi,435,552,G2
Suturing,Suturing_H003,H,/kaggle/input/datasets/anaghabpoojari11/surgbench/Suturing/Suturing/video/Suturing_H003_capture2.avi,553,908,G3
Suturing,Suturing_H003,H,/kaggle/input/datasets/anaghabpoojari11/surgbench/Suturing/Suturing/video/Suturing_H003_capture2.avi,909,1113,G6
Suturing,Suturing_H003,H,/kaggle/input/datasets/anaghabpoojari11/surgbench/Suturing/Suturing/video/Suturing_H003_capture2.avi,1114,1162,G9
Suturing,Suturing_H003,H,/kaggle/input/datasets/anaghabpoojari11/surgbench/Suturing/Suturing/video/Suturing_H003_capture2.avi,1163,1347,G4
Suturing,Suturing_H003,H,/kaggle/input/datasets/anaghabpoojari11/surgbench/Suturing/Suturing/video/Suturing_H003_capture2.avi,1348,1492,G2
Suturing,Suturing_H003,H,/kaggle/input/datasets/anaghabpoojari11/surgbench/Suturing/Suturing/video/Suturing_H003_capture2.avi,1493,1708,G3
Suturing,Suturing_H003,H,/kaggle/input/datasets/anaghabpoojari11/surgbench/Suturing/Suturing/video/Suturing_H003_capture2.avi,1709,1873,G6
Suturing,Suturing_H003,H,/kaggle/input/datasets/anaghabpoojari11/surgbench/Suturing/Suturing/video/Suturing_H003_capture2.avi,1874,1991,G4
Suturing,Suturing_H003,H,/kaggle/input/datasets/anaghabpoojari11/surgbench/Suturing/Suturing/video/Suturing_H003_capture2.avi,1992,2090,G2
Suturing,Suturing_H003,H,/kaggle/input/datasets/anaghabpoojari11/surgbench/Suturing/Suturing/video/Suturing_H003_capture2.avi,2091,2432,G3
Suturing,Suturing_H003,H,/kaggle/input/datasets/anaghabpoojari11/surgbench/Suturing/Suturing/video/Suturing_H003_capture2.avi,2433,2549,G6
Suturing,Suturing_H003,H,/kaggle/input/datasets/anaghabpoojari11/surgbench/Suturing/Suturing/video/Suturing_H003_capture2.avi,2550,2682,G4
Suturing,Suturing_H003,H,/kaggle/input/datasets/anaghabpoojari11/surgbench/Suturing/Suturing/video/Suturing_H003_capture2.avi,2683,2807,G2
Suturing,Suturing_H003,H,/kaggle/input/datasets/anaghabpoojari11/surgbench/Suturing/Suturing/video/Suturing_H003_capture2.avi,2808,3008,G3
Suturing,Suturing_H003,H,/kaggle/input/datasets/anaghabpoojari11/surgbench/Suturing/Suturing/video/Suturing_H003_capture2.avi,3009,3149,G6
Suturing,Suturing_H003,H,/kaggle/input/datasets/anaghabpoojari11/surgbench/Suturing/Suturing/video/Suturing_H003_capture2.avi,3150,3320,G11
Suturing,Suturing_F004,F,/kaggle/input/datasets/anaghabpoojari11/surgbench/Suturing/Suturing/video/Suturing_F004_capture2.avi,1,53,G5
Suturing,Suturing_F004,F,/kaggle/input/datasets/anaghabpoojari11/surgbench/Suturing/Suturing/video/Suturing_F004_capture2.avi,54,134,G8
Suturing,Suturing_F004,F,/kaggle/input/datasets/anaghabpoojari11/surgbench/Suturing/Suturing/video/Suturing_F004_capture2.avi,135,217,G2
Suturing,Suturing_F004,F,/kaggle/input/datasets/anaghabpoojari11/surgbench/Suturing/Suturing/video/Suturing_F004_capture2.avi,218,416,G3
Suturing,Suturing_F004,F,/kaggle/input/datasets/anaghabpoojari11/surgbench/Suturing/Suturing/video/Suturing_F004_capture2.avi,417,492,G6
Suturing,Suturing_F004,F,/kaggle/input/datasets/anaghabpoojari11/surgbench/Suturing/Suturing/video/Suturing_F004_capture2.avi,493,589,G4
Suturing,Suturing_F004,F,/kaggle/input/datasets/anaghabpoojari11/surgbench/Suturing/Suturing/video/Suturing_F004_capture2.avi,590,668,G2
Suturing,Suturing_F004,F,/kaggle/input/datasets/anaghabpoojari11/surgbench/Suturing/Suturing/video/Suturing_F004_capture2.avi,669,856,G3
Suturing,Suturing_F004,F,/kaggle/input/datasets/anaghabpoojari11/surgbench/Suturing/Suturing/video/Suturing_F004_capture2.avi,857,928,G6
Suturing,Suturing_F004,F,/kaggle/input/datasets/anaghabpoojari11/surgbench/Suturing/Suturing/video/Suturing_F004_capture2.avi,929,1176,G4
Suturing,Suturing_F004,F,/kaggle/input/datasets/anaghabpoojari11/surgbench/Suturing/Suturing/video/Suturing_F004_capture2.avi,1177,1258,G2
Suturing,Suturing_F004,F,/kaggle/input/datasets/anaghabpoojari11/surgbench/Suturing/Suturing/video/Suturing_F004_capture2.avi,1259,1588,G3
Suturing,Suturing_F004,F,/kaggle/input/datasets/anaghabpoojari11/surgbench/Suturing/Suturing/video/Suturing_F004_capture2.avi,1589,1673,G6
Suturing,Suturing_F004,F,/kaggle/input/datasets/anaghabpoojari11/surgbench/Suturing/Suturing/video/Suturing_F004_capture2.avi,1674,1762,G4
Suturing,Suturing_F004,F,/kaggle/input/datasets/anaghabpoojari11/surgbench/Suturing/Suturing/video/Suturing_F004_capture2.avi,1763,1873,G2
Suturing,Suturing_F004,F,/kaggle/input/datasets/anaghabpoojari11/surgbench/Suturing/Suturing/video/Suturing_F004_capture2.avi,1874,2061,G3
Suturing,Suturing_F004,F,/kaggle/input/datasets/anaghabpoojari11/surgbench/Suturing/Suturing/video/Suturing_F004_capture2.avi,2062,2145,G6
Suturing,Suturing_F004,F,/kaggle/input/datasets/anaghabpoojari11/surgbench/Suturing/Suturing/video/Suturing_F004_capture2.avi,2146,2373,G11
Suturing,Suturing_I003,I,/kaggle/input/datasets/anaghabpoojari11/surgbench/Suturing/Suturing/video/Suturing_I003_capture2.avi,139,255,G1
Suturing,Suturing_I003,I,/kaggle/input/datasets/anaghabpoojari11/surgbench/Suturing/Suturing/video/Suturing_I003_capture2.avi,256,357,G5
Suturing,Suturing_I003,I,/kaggle/input/datasets/anaghabpoojari11/surgbench/Suturing/Suturing/video/Suturing_I003_capture2.avi,358,654,G8
Suturing,Suturing_I003,I,/kaggle/input/datasets/anaghabpoojari11/surgbench/Suturing/Suturing/video/Suturing_I003_capture2.avi,655,1250,G2
Suturing,Suturing_I003,I,/kaggle/input/datasets/anaghabpoojari11/surgbench/Suturing/Suturing/video/Suturing_I003_capture2.avi,1251,1387,G6
Suturing,Suturing_I003,I,/kaggle/input/datasets/anaghabpoojari11/surgbench/Suturing/Suturing/video/Suturing_I003_capture2.avi,1388,1620,G4
Suturing,Suturing_I003,I,/kaggle/input/datasets/anaghabpoojari11/surgbench/Suturing/Suturing/video/Suturing_I003_capture2.avi,1621,2015,G2
Suturing,Suturing_I003,I,/kaggle/input/datasets/anaghabpoojari11/surgbench/Suturing/Suturing/video/Suturing_I003_capture2.avi,2016,2241,G3
Suturing,Suturing_I003,I,/kaggle/input/datasets/anaghabpoojari11/surgbench/Suturing/Suturing/video/Suturing_I003_capture2.avi,2242,2443,G6
Suturing,Suturing_I003,I,/kaggle/input/datasets/anaghabpoojari11/surgbench/Suturing/Suturing/video/Suturing_I003_capture2.avi,2444,2604,G4
Suturing,Suturing_I003,I,/kaggle/input/datasets/anaghabpoojari11/surgbench/Suturing/Suturing/video/Suturing_I003_capture2.avi,2605,2866,G2
Suturing,Suturing_I003,I,/kaggle/input/datasets/anaghabpoojari11/surgbench/Suturing/Suturing/video/Suturing_I003_capture2.avi,2867,3346,G3
Suturing,Suturing_I003,I,/kaggle/input/datasets/anaghabpoojari11/surgbench/Suturing/Suturing/video/Suturing_I003_capture2.avi,3347,3563,G6
Suturing,Suturing_I003,I,/kaggle/input/datasets/anaghabpoojari11/surgbench/Suturing/Suturing/video/Suturing_I003_capture2.avi,3564,3675,G4
Suturing,Suturing_I003,I,/kaggle/input/datasets/anaghabpoojari11/surgbench/Suturing/Suturing/video/Suturing_I003_capture2.avi,3676,3793,G2
Suturing,Suturing_I003,I,/kaggle/input/datasets/anaghabpoojari11/surgbench/Suturing/Suturing/video/Suturing_I003_capture2.avi,3794,4025,G3
Suturing,Suturing_I003,I,/kaggle/input/datasets/anaghabpoojari11/surgbench/Suturing/Suturing/video/Suturing_I003_capture2.avi,4026,4169,G6
Suturing,Suturing_I003,I,/kaggle/input/datasets/anaghabpoojari11/surgbench/Suturing/Suturing/video/Suturing_I003_capture2.avi,4170,4284,G11
Suturing,Suturing_G003,G,/kaggle/input/datasets/anaghabpoojari11/surgbench/Suturing/Suturing/video/Suturing_G003_capture2.avi,1,406,G8
Suturing,Suturing_G003,G,/kaggle/input/datasets/anaghabpoojari11/surgbench/Suturing/Suturing/video/Suturing_G003_capture2.avi,407,483,G2
Suturing,Suturing_G003,G,/kaggle/input/datasets/anaghabpoojari11/surgbench/Suturing/Suturing/video/Suturing_G003_capture2.avi,484,689,G3
Suturing,Suturing_G003,G,/kaggle/input/datasets/anaghabpoojari11/surgbench/Suturing/Suturing/video/Suturing_G003_capture2.avi,690,937,G6
Suturing,Suturing_G003,G,/kaggle/input/datasets/anaghabpoojari11/surgbench/Suturing/Suturing/video/Suturing_G003_capture2.avi,938,1072,G4
Suturing,Suturing_G003,G,/kaggle/input/datasets/anaghabpoojari11/surgbench/Suturing/Suturing/video/Suturing_G003_capture2.avi,1073,1109,G2
Suturing,Suturing_G003,G,/kaggle/input/datasets/anaghabpoojari11/surgbench/Suturing/Suturing/video/Suturing_G003_capture2.avi,1110,1229,G3
Suturing,Suturing_G003,G,/kaggle/input/datasets/anaghabpoojari11/surgbench/Suturing/Suturing/video/Suturing_G003_capture2.avi,1230,1508,G6
Suturing,Suturing_G003,G,/kaggle/input/datasets/anaghabpoojari11/surgbench/Suturing/Suturing/video/Suturing_G003_capture2.avi,1509,1640,G4
Suturing,Suturing_G003,G,/kaggle/input/datasets/anaghabpoojari11/surgbench/Suturing/Suturing/video/Suturing_G003_capture2.avi,1641,1725,G2
Suturing,Suturing_G003,G,/kaggle/input/datasets/anaghabpoojari11/surgbench/Suturing/Suturing/video/Suturing_G003_capture2.avi,1726,1992,G3
Suturing,Suturing_G003,G,/kaggle/input/datasets/anaghabpoojari11/surgbench/Suturing/Suturing/video/Suturing_G003_capture2.avi,1993,2174,G8
Suturing,Suturing_G003,G,/kaggle/input/datasets/anaghabpoojari11/surgbench/Suturing/Suturing/video/Suturing_G003_capture2.avi,2175,2229,G2
Suturing,Suturing_G003,G,/kaggle/input/datasets/anaghabpoojari11/surgbench/Suturing/Suturing/video/Suturing_G003_capture2.avi,2230,2705,G3
Suturing,Suturing_G003,G,/kaggle/input/datasets/anaghabpoojari11/surgbench/Suturing/Suturing/video/Suturing_G003_capture2.avi,2706,2830,G6
Suturing,Suturing_G003,G,/kaggle/input/datasets/anaghabpoojari11/surgbench/Suturing/Suturing/video/Suturing_G003_capture2.avi,2831,3053,G4
Suturing,Suturing_G003,G,/kaggle/input/datasets/anaghabpoojari11/surgbench/Suturing/Suturing/video/Suturing_G003_capture2.avi,3054,3790,G10
Suturing,Suturing_G003,G,/kaggle/input/datasets/anaghabpoojari11/surgbench/Suturing/Suturing/video/Suturing_G003_capture2.avi,3791,3837,G2
Suturing,Suturing_G003,G,/kaggle/input/datasets/anaghabpoojari11/surgbench/Suturing/Suturing/video/Suturing_G003_capture2.avi,3838,4421,G8
Suturing,Suturing_G003,G,/kaggle/input/datasets/anaghabpoojari11/surgbench/Suturing/Suturing/video/Suturing_G003_capture2.avi,4422,4534,G2
Suturing,Suturing_G003,G,/kaggle/input/datasets/anaghabpoojari11/surgbench/Suturing/Suturing/video/Suturing_G003_capture2.avi,4535,4820,G3
Suturing,Suturing_G003,G,/kaggle/input/datasets/anaghabpoojari11/surgbench/Suturing/Suturing/video/Suturing_G003_capture2.avi,4821,4974,G6
Suturing,Suturing_G003,G,/kaggle/input/datasets/anaghabpoojari11/surgbench/Suturing/Suturing/video/Suturing_G003_capture2.avi,4975,5160,G11
Suturing,Suturing_I001,I,/kaggle/input/datasets/anaghabpoojari11/surgbench/Suturing/Suturing/video/Suturing_I001_capture2.avi,1,30,G1
Suturing,Suturing_I001,I,/kaggle/input/datasets/anaghabpoojari11/surgbench/Suturing/Suturing/video/Suturing_I001_capture2.avi,31,164,G5
Suturing,Suturing_I001,I,/kaggle/input/datasets/anaghabpoojari11/surgbench/Suturing/Suturing/video/Suturing_I001_capture2.avi,165,358,G8
Suturing,Suturing_I001,I,/kaggle/input/datasets/anaghabpoojari11/surgbench/Suturing/Suturing/video/Suturing_I001_capture2.avi,359,508,G2
Suturing,Suturing_I001,I,/kaggle/input/datasets/anaghabpoojari11/surgbench/Suturing/Suturing/video/Suturing_I001_capture2.avi,509,876,G3
Suturing,Suturing_I001,I,/kaggle/input/datasets/anaghabpoojari11/surgbench/Suturing/Suturing/video/Suturing_I001_capture2.avi,877,1046,G6
Suturing,Suturing_I001,I,/kaggle/input/datasets/anaghabpoojari11/surgbench/Suturing/Suturing/video/Suturing_I001_capture2.avi,1047,1194,G4
Suturing,Suturing_I001,I,/kaggle/input/datasets/anaghabpoojari11/surgbench/Suturing/Suturing/video/Suturing_I001_capture2.avi,1195,1351,G2
Suturing,Suturing_I001,I,/kaggle/input/datasets/anaghabpoojari11/surgbench/Suturing/Suturing/video/Suturing_I001_capture2.avi,1352,1621,G3
Suturing,Suturing_I001,I,/kaggle/input/datasets/anaghabpoojari11/surgbench/Suturing/Suturing/video/Suturing_I001_capture2.avi,1622,1808,G6
Suturing,Suturing_I001,I,/kaggle/input/datasets/anaghabpoojari11/surgbench/Suturing/Suturing/video/Suturing_I001_capture2.avi,1809,2017,G4
Suturing,Suturing_I001,I,/kaggle/input/datasets/anaghabpoojari11/surgbench/Suturing/Suturing/video/Suturing_I001_capture2.avi,2018,2129,G2
Suturing,Suturing_I001,I,/kaggle/input/datasets/anaghabpoojari11/surgbench/Suturing/Suturing/video/Suturing_I001_capture2.avi,2130,2507,G3
Suturing,Suturing_I001,I,/kaggle/input/datasets/anaghabpoojari11/surgbench/Suturing/Suturing/video/Suturing_I001_capture2.avi,2508,2642,G6
Suturing,Suturing_I001,I,/kaggle/input/datasets/anaghabpoojari11/surgbench/Suturing/Suturing/video/Suturing_I001_capture2.avi,2643,2905,G4
Suturing,Suturing_I001,I,/kaggle/input/datasets/anaghabpoojari11/surgbench/Suturing/Suturing/video/Suturing_I001_capture2.avi,2906,3370,G10
Suturing,Suturing_I001,I,/kaggle/input/datasets/anaghabpoojari11/surgbench/Suturing/Suturing/video/Suturing_I001_capture2.avi,3371,3508,G2
Suturing,Suturing_I001,I,/kaggle/input/datasets/anaghabpoojari11/surgbench/Suturing/Suturing/video/Suturing_I001_capture2.avi,3509,3813,G3
Suturing,Suturing_I001,I,/kaggle/input/datasets/anaghabpoojari11/surgbench/Suturing/Suturing/video/Suturing_I001_capture2.avi,3814,4026,G6
Suturing,Suturing_I001,I,/kaggle/input/datasets/anaghabpoojari11/surgbench/Suturing/Suturing/video/Suturing_I001_capture2.avi,4027,4310,G11
Suturing,Suturing_I005,I,/kaggle/input/datasets/anaghabpoojari11/surgbench/Suturing/Suturing/video/Suturing_I005_capture2.avi,73,151,G1
Suturing,Suturing_I005,I,/kaggle/input/datasets/anaghabpoojari11/surgbench/Suturing/Suturing/video/Suturing_I005_capture2.avi,152,241,G5
Suturing,Suturing_I005,I,/kaggle/input/datasets/anaghabpoojari11/surgbench/Suturing/Suturing/video/Suturing_I005_capture2.avi,242,518,G8
Suturing,Suturing_I005,I,/kaggle/input/datasets/anaghabpoojari11/surgbench/Suturing/Suturing/video/Suturing_I005_capture2.avi,519,658,G2
Suturing,Suturing_I005,I,/kaggle/input/datasets/anaghabpoojari11/surgbench/Suturing/Suturing/video/Suturing_I005_capture2.avi,659,1198,G3
Suturing,Suturing_I005,I,/kaggle/input/datasets/anaghabpoojari11/surgbench/Suturing/Suturing/video/Suturing_I005_capture2.avi,1199,1364,G6
Suturing,Suturing_I005,I,/kaggle/input/datasets/anaghabpoojari11/surgbench/Suturing/Suturing/video/Suturing_I005_capture2.avi,1365,1486,G4
Suturing,Suturing_I005,I,/kaggle/input/datasets/anaghabpoojari11/surgbench/Suturing/Suturing/video/Suturing_I005_capture2.avi,1487,1695,G2
Suturing,Suturing_I005,I,/kaggle/input/datasets/anaghabpoojari11/surgbench/Suturing/Suturing/video/Suturing_I005_capture2.avi,1696,1979,G3
Suturing,Suturing_I005,I,/kaggle/input/datasets/anaghabpoojari11/surgbench/Suturing/Suturing/video/Suturing_I005_capture2.avi,1980,2188,G6
Suturing,Suturing_I005,I,/kaggle/input/datasets/anaghabpoojari11/surgbench/Suturing/Suturing/video/Suturing_I005_capture2.avi,2189,2312,G4
Suturing,Suturing_I005,I,/kaggle/input/datasets/anaghabpoojari11/surgbench/Suturing/Suturing/video/Suturing_I005_capture2.avi,2313,2523,G2
Suturing,Suturing_I005,I,/kaggle/input/datasets/anaghabpoojari11/surgbench/Suturing/Suturing/video/Suturing_I005_capture2.avi,2524,2835,G3
Suturing,Suturing_I005,I,/kaggle/input/datasets/anaghabpoojari11/surgbench/Suturing/Suturing/video/Suturing_I005_capture2.avi,2836,2977,G6
Suturing,Suturing_I005,I,/kaggle/input/datasets/anaghabpoojari11/surgbench/Suturing/Suturing/video/Suturing_I005_capture2.avi,2978,3077,G4
Suturing,Suturing_I005,I,/kaggle/input/datasets/anaghabpoojari11/surgbench/Suturing/Suturing/video/Suturing_I005_capture2.avi,3078,3234,G2
Suturing,Suturing_I005,I,/kaggle/input/datasets/anaghabpoojari11/surgbench/Suturing/Suturing/video/Suturing_I005_capture2.avi,3235,3564,G3
Suturing,Suturing_I005,I,/kaggle/input/datasets/anaghabpoojari11/surgbench/Suturing/Suturing/video/Suturing_I005_capture2.avi,3565,3658,G6
Suturing,Suturing_I005,I,/kaggle/input/datasets/anaghabpoojari11/surgbench/Suturing/Suturing/video/Suturing_I005_capture2.avi,3659,3773,G11
Suturing,Suturing_C005,C,/kaggle/input/datasets/anaghabpoojari11/surgbench/Suturing/Suturing/video/Suturing_C005_capture2.avi,24,56,G1
Suturing,Suturing_C005,C,/kaggle/input/datasets/anaghabpoojari11/surgbench/Suturing/Suturing/video/Suturing_C005_capture2.avi,57,139,G5
Suturing,Suturing_C005,C,/kaggle/input/datasets/anaghabpoojari11/surgbench/Suturing/Suturing/video/Suturing_C005_capture2.avi,140,214,G8
Suturing,Suturing_C005,C,/kaggle/input/datasets/anaghabpoojari11/surgbench/Suturing/Suturing/video/Suturing_C005_capture2.avi,215,299,G2
Suturing,Suturing_C005,C,/kaggle/input/datasets/anaghabpoojari11/surgbench/Suturing/Suturing/video/Suturing_C005_capture2.avi,300,391,G3
Suturing,Suturing_C005,C,/kaggle/input/datasets/anaghabpoojari11/surgbench/Suturing/Suturing/video/Suturing_C005_capture2.avi,392,492,G6
Suturing,Suturing_C005,C,/kaggle/input/datasets/anaghabpoojari11/surgbench/Suturing/Suturing/video/Suturing_C005_capture2.avi,493,570,G4
Suturing,Suturing_C005,C,/kaggle/input/datasets/anaghabpoojari11/surgbench/Suturing/Suturing/video/Suturing_C005_capture2.avi,571,676,G2
Suturing,Suturing_C005,C,/kaggle/input/datasets/anaghabpoojari11/surgbench/Suturing/Suturing/video/Suturing_C005_capture2.avi,677,858,G3
Suturing,Suturing_C005,C,/kaggle/input/datasets/anaghabpoojari11/surgbench/Suturing/Suturing/video/Suturing_C005_capture2.avi,859,1056,G6
Suturing,Suturing_C005,C,/kaggle/input/datasets/anaghabpoojari11/surgbench/Suturing/Suturing/video/Suturing_C005_capture2.avi,1057,1160,G4
Suturing,Suturing_C005,C,/kaggle/input/datasets/anaghabpoojari11/surgbench/Suturing/Suturing/video/Suturing_C005_capture2.avi,1161,1282,G8
Suturing,Suturing_C005,C,/kaggle/input/datasets/anaghabpoojari11/surgbench/Suturing/Suturing/video/Suturing_C005_capture2.avi,1283,1360,G2
Suturing,Suturing_C005,C,/kaggle/input/datasets/anaghabpoojari11/surgbench/Suturing/Suturing/video/Suturing_C005_capture2.avi,1361,1491,G3
Suturing,Suturing_C005,C,/kaggle/input/datasets/anaghabpoojari11/surgbench/Suturing/Suturing/video/Suturing_C005_capture2.avi,1492,1588,G6
Suturing,Suturing_C005,C,/kaggle/input/datasets/anaghabpoojari11/surgbench/Suturing/Suturing/video/Suturing_C005_capture2.avi,1589,1681,G4
Suturing,Suturing_C005,C,/kaggle/input/datasets/anaghabpoojari11/surgbench/Suturing/Suturing/video/Suturing_C005_capture2.avi,1682,1750,G2
Suturing,Suturing_C005,C,/kaggle/input/datasets/anaghabpoojari11/surgbench/Suturing/Suturing/video/Suturing_C005_capture2.avi,1751,2188,G3
Suturing,Suturing_C005,C,/kaggle/input/datasets/anaghabpoojari11/surgbench/Suturing/Suturing/video/Suturing_C005_capture2.avi,2189,2271,G6
Suturing,Suturing_C005,C,/kaggle/input/datasets/anaghabpoojari11/surgbench/Suturing/Suturing/video/Suturing_C005_capture2.avi,2272,2550,G11
Suturing,Suturing_G005,G,/kaggle/input/datasets/anaghabpoojari11/surgbench/Suturing/Suturing/video/Suturing_G005_capture2.avi,1,99,G5
Suturing,Suturing_G005,G,/kaggle/input/datasets/anaghabpoojari11/surgbench/Suturing/Suturing/video/Suturing_G005_capture2.avi,100,202,G8
Suturing,Suturing_G005,G,/kaggle/input/datasets/anaghabpoojari11/surgbench/Suturing/Suturing/video/Suturing_G005_capture2.avi,203,248,G2
Suturing,Suturing_G005,G,/kaggle/input/datasets/anaghabpoojari11/surgbench/Suturing/Suturing/video/Suturing_G005_capture2.avi,249,445,G3
Suturing,Suturing_G005,G,/kaggle/input/datasets/anaghabpoojari11/surgbench/Suturing/Suturing/video/Suturing_G005_capture2.avi,446,610,G6
Suturing,Suturing_G005,G,/kaggle/input/datasets/anaghabpoojari11/surgbench/Suturing/Suturing/video/Suturing_G005_capture2.avi,611,726,G4
Suturing,Suturing_G005,G,/kaggle/input/datasets/anaghabpoojari11/surgbench/Suturing/Suturing/video/Suturing_G005_capture2.avi,727,805,G2
Suturing,Suturing_G005,G,/kaggle/input/datasets/anaghabpoojari11/surgbench/Suturing/Suturing/video/Suturing_G005_capture2.avi,806,933,G3
Suturing,Suturing_G005,G,/kaggle/input/datasets/anaghabpoojari11/surgbench/Suturing/Suturing/video/Suturing_G005_capture2.avi,934,1061,G6
Suturing,Suturing_G005,G,/kaggle/input/datasets/anaghabpoojari11/surgbench/Suturing/Suturing/video/Suturing_G005_capture2.avi,1062,1180,G4
Suturing,Suturing_G005,G,/kaggle/input/datasets/anaghabpoojari11/surgbench/Suturing/Suturing/video/Suturing_G005_capture2.avi,1181,1235,G2
Suturing,Suturing_G005,G,/kaggle/input/datasets/anaghabpoojari11/surgbench/Suturing/Suturing/video/Suturing_G005_capture2.avi,1236,1562,G3
Suturing,Suturing_G005,G,/kaggle/input/datasets/anaghabpoojari11/surgbench/Suturing/Suturing/video/Suturing_G005_capture2.avi,1563,1749,G6
Suturing,Suturing_G005,G,/kaggle/input/datasets/anaghabpoojari11/surgbench/Suturing/Suturing/video/Suturing_G005_capture2.avi,1750,1873,G4
Suturing,Suturing_G005,G,/kaggle/input/datasets/anaghabpoojari11/surgbench/Suturing/Suturing/video/Suturing_G005_capture2.avi,1874,1925,G2
Suturing,Suturing_G005,G,/kaggle/input/datasets/anaghabpoojari11/surgbench/Suturing/Suturing/video/Suturing_G005_capture2.avi,1926,2148,G3
Suturing,Suturing_G005,G,/kaggle/input/datasets/anaghabpoojari11/surgbench/Suturing/Suturing/video/Suturing_G005_capture2.avi,2149,2274,G6
Suturing,Suturing_G005,G,/kaggle/input/datasets/anaghabpoojari11/surgbench/Suturing/Suturing/video/Suturing_G005_capture2.avi,2275,2454,G11
Suturing,Suturing_G004,G,/kaggle/input/datasets/anaghabpoojari11/surgbench/Suturing/Suturing/video/Suturing_G004_capture2.avi,1,21,G5
Suturing,Suturing_G004,G,/kaggle/input/datasets/anaghabpoojari11/surgbench/Suturing/Suturing/video/Suturing_G004_capture2.avi,22,416,G8
Suturing,Suturing_G004,G,/kaggle/input/datasets/anaghabpoojari11/surgbench/Suturing/Suturing/video/Suturing_G004_capture2.avi,417,477,G2
Suturing,Suturing_G004,G,/kaggle/input/datasets/anaghabpoojari11/surgbench/Suturing/Suturing/video/Suturing_G004_capture2.avi,478,665,G3
Suturing,Suturing_G004,G,/kaggle/input/datasets/anaghabpoojari11/surgbench/Suturing/Suturing/video/Suturing_G004_capture2.avi,666,829,G6
Suturing,Suturing_G004,G,/kaggle/input/datasets/anaghabpoojari11/surgbench/Suturing/Suturing/video/Suturing_G004_capture2.avi,830,967,G4
Suturing,Suturing_G004,G,/kaggle/input/datasets/anaghabpoojari11/surgbench/Suturing/Suturing/video/Suturing_G004_capture2.avi,968,1021,G2
Suturing,Suturing_G004,G,/kaggle/input/datasets/anaghabpoojari11/surgbench/Suturing/Suturing/video/Suturing_G004_capture2.avi,1022,1176,G3
Suturing,Suturing_G004,G,/kaggle/input/datasets/anaghabpoojari11/surgbench/Suturing/Suturing/video/Suturing_G004_capture2.avi,1177,1323,G6
Suturing,Suturing_G004,G,/kaggle/input/datasets/anaghabpoojari11/surgbench/Suturing/Suturing/video/Suturing_G004_capture2.avi,1324,1407,G4
Suturing,Suturing_G004,G,/kaggle/input/datasets/anaghabpoojari11/surgbench/Suturing/Suturing/video/Suturing_G004_capture2.avi,1408,1488,G2
Suturing,Suturing_G004,G,/kaggle/input/datasets/anaghabpoojari11/surgbench/Suturing/Suturing/video/Suturing_G004_capture2.avi,1489,1752,G3
Suturing,Suturing_G004,G,/kaggle/input/datasets/anaghabpoojari11/surgbench/Suturing/Suturing/video/Suturing_G004_capture2.avi,1753,1855,G6
Suturing,Suturing_G004,G,/kaggle/input/datasets/anaghabpoojari11/surgbench/Suturing/Suturing/video/Suturing_G004_capture2.avi,1856,2007,G4
Suturing,Suturing_G004,G,/kaggle/input/datasets/anaghabpoojari11/surgbench/Suturing/Suturing/video/Suturing_G004_capture2.avi,2008,2091,G2
Suturing,Suturing_G004,G,/kaggle/input/datasets/anaghabpoojari11/surgbench/Suturing/Suturing/video/Suturing_G004_capture2.avi,2092,2283,G3
Suturing,Suturing_G004,G,/kaggle/input/datasets/anaghabpoojari11/surgbench/Suturing/Suturing/video/Suturing_G004_capture2.avi,2284,2452,G6
Suturing,Suturing_G004,G,/kaggle/input/datasets/anaghabpoojari11/surgbench/Suturing/Suturing/video/Suturing_G004_capture2.avi,2453,2620,G11
Suturing,Suturing_C004,C,/kaggle/input/datasets/anaghabpoojari11/surgbench/Suturing/Suturing/video/Suturing_C004_capture2.avi,2,30,G1
Suturing,Suturing_C004,C,/kaggle/input/datasets/anaghabpoojari11/surgbench/Suturing/Suturing/video/Suturing_C004_capture2.avi,31,141,G5
Suturing,Suturing_C004,C,/kaggle/input/datasets/anaghabpoojari11/surgbench/Suturing/Suturing/video/Suturing_C004_capture2.avi,142,257,G8
Suturing,Suturing_C004,C,/kaggle/input/datasets/anaghabpoojari11/surgbench/Suturing/Suturing/video/Suturing_C004_capture2.avi,258,313,G2
Suturing,Suturing_C004,C,/kaggle/input/datasets/anaghabpoojari11/surgbench/Suturing/Suturing/video/Suturing_C004_capture2.avi,314,458,G3
Suturing,Suturing_C004,C,/kaggle/input/datasets/anaghabpoojari11/surgbench/Suturing/Suturing/video/Suturing_C004_capture2.avi,459,583,G6
Suturing,Suturing_C004,C,/kaggle/input/datasets/anaghabpoojari11/surgbench/Suturing/Suturing/video/Suturing_C004_capture2.avi,584,710,G4
Suturing,Suturing_C004,C,/kaggle/input/datasets/anaghabpoojari11/surgbench/Suturing/Suturing/video/Suturing_C004_capture2.avi,711,843,G2
Suturing,Suturing_C004,C,/kaggle/input/datasets/anaghabpoojari11/surgbench/Suturing/Suturing/video/Suturing_C004_capture2.avi,844,1073,G3
Suturing,Suturing_C004,C,/kaggle/input/datasets/anaghabpoojari11/surgbench/Suturing/Suturing/video/Suturing_C004_capture2.avi,1074,1199,G6
Suturing,Suturing_C004,C,/kaggle/input/datasets/anaghabpoojari11/surgbench/Suturing/Suturing/video/Suturing_C004_capture2.avi,1200,1322,G4
Suturing,Suturing_C004,C,/kaggle/input/datasets/anaghabpoojari11/surgbench/Suturing/Suturing/video/Suturing_C004_capture2.avi,1323,1411,G2
Suturing,Suturing_C004,C,/kaggle/input/datasets/anaghabpoojari11/surgbench/Suturing/Suturing/video/Suturing_C004_capture2.avi,1412,1602,G3
Suturing,Suturing_C004,C,/kaggle/input/datasets/anaghabpoojari11/surgbench/Suturing/Suturing/video/Suturing_C004_capture2.avi,1603,1702,G6
Suturing,Suturing_C004,C,/kaggle/input/datasets/anaghabpoojari11/surgbench/Suturing/Suturing/video/Suturing_C004_capture2.avi,1703,1775,G4
Suturing,Suturing_C004,C,/kaggle/input/datasets/anaghabpoojari11/surgbench/Suturing/Suturing/video/Suturing_C004_capture2.avi,1776,1876,G2
Suturing,Suturing_C004,C,/kaggle/input/datasets/anaghabpoojari11/surgbench/Suturing/Suturing/video/Suturing_C004_capture2.avi,1877,2050,G3
Suturing,Suturing_C004,C,/kaggle/input/datasets/anaghabpoojari11/surgbench/Suturing/Suturing/video/Suturing_C004_capture2.avi,2051,2250,G6
Suturing,Suturing_C004,C,/kaggle/input/datasets/anaghabpoojari11/surgbench/Suturing/Suturing/video/Suturing_C004_capture2.avi,2251,2450,G11
Suturing,Suturing_F003,F,/kaggle/input/datasets/anaghabpoojari11/surgbench/Suturing/Suturing/video/Suturing_F003_capture2.avi,1,88,G5
Suturing,Suturing_F003,F,/kaggle/input/datasets/anaghabpoojari11/surgbench/Suturing/Suturing/video/Suturing_F003_capture2.avi,89,169,G8
Suturing,Suturing_F003,F,/kaggle/input/datasets/anaghabpoojari11/surgbench/Suturing/Suturing/video/Suturing_F003_capture2.avi,170,221,G2
Suturing,Suturing_F003,F,/kaggle/input/datasets/anaghabpoojari11/surgbench/Suturing/Suturing/video/Suturing_F003_capture2.avi,222,402,G3
Suturing,Suturing_F003,F,/kaggle/input/datasets/anaghabpoojari11/surgbench/Suturing/Suturing/video/Suturing_F003_capture2.avi,403,489,G6
Suturing,Suturing_F003,F,/kaggle/input/datasets/anaghabpoojari11/surgbench/Suturing/Suturing/video/Suturing_F003_capture2.avi,490,589,G4
Suturing,Suturing_F003,F,/kaggle/input/datasets/anaghabpoojari11/surgbench/Suturing/Suturing/video/Suturing_F003_capture2.avi,590,645,G2
Suturing,Suturing_F003,F,/kaggle/input/datasets/anaghabpoojari11/surgbench/Suturing/Suturing/video/Suturing_F003_capture2.avi,646,877,G3
Suturing,Suturing_F003,F,/kaggle/input/datasets/anaghabpoojari11/surgbench/Suturing/Suturing/video/Suturing_F003_capture2.avi,878,952,G6
Suturing,Suturing_F003,F,/kaggle/input/datasets/anaghabpoojari11/surgbench/Suturing/Suturing/video/Suturing_F003_capture2.avi,953,1114,G4
Suturing,Suturing_F003,F,/kaggle/input/datasets/anaghabpoojari11/surgbench/Suturing/Suturing/video/Suturing_F003_capture2.avi,1115,1205,G2
Suturing,Suturing_F003,F,/kaggle/input/datasets/anaghabpoojari11/surgbench/Suturing/Suturing/video/Suturing_F003_capture2.avi,1206,1397,G3
Suturing,Suturing_F003,F,/kaggle/input/datasets/anaghabpoojari11/surgbench/Suturing/Suturing/video/Suturing_F003_capture2.avi,1398,1484,G6
Suturing,Suturing_F003,F,/kaggle/input/datasets/anaghabpoojari11/surgbench/Suturing/Suturing/video/Suturing_F003_capture2.avi,1485,1565,G4
Suturing,Suturing_F003,F,/kaggle/input/datasets/anaghabpoojari11/surgbench/Suturing/Suturing/video/Suturing_F003_capture2.avi,1566,1679,G2
Suturing,Suturing_F003,F,/kaggle/input/datasets/anaghabpoojari11/surgbench/Suturing/Suturing/video/Suturing_F003_capture2.avi,1680,1840,G3
Suturing,Suturing_F003,F,/kaggle/input/datasets/anaghabpoojari11/surgbench/Suturing/Suturing/video/Suturing_F003_capture2.avi,1841,1912,G6
Suturing,Suturing_F003,F,/kaggle/input/datasets/anaghabpoojari11/surgbench/Suturing/Suturing/video/Suturing_F003_capture2.avi,1913,2235,G11
Suturing,Suturing_H001,H,/kaggle/input/datasets/anaghabpoojari11/surgbench/Suturing/Suturing/video/Suturing_H001_capture2.avi,90,165,G1
Suturing,Suturing_H001,H,/kaggle/input/datasets/anaghabpoojari11/surgbench/Suturing/Suturing/video/Suturing_H001_capture2.avi,166,317,G5
Suturing,Suturing_H001,H,/kaggle/input/datasets/anaghabpoojari11/surgbench/Suturing/Suturing/video/Suturing_H001_capture2.avi,318,552,G8
Suturing,Suturing_H001,H,/kaggle/input/datasets/anaghabpoojari11/surgbench/Suturing/Suturing/video/Suturing_H001_capture2.avi,553,710,G2
Suturing,Suturing_H001,H,/kaggle/input/datasets/anaghabpoojari11/surgbench/Suturing/Suturing/video/Suturing_H001_capture2.avi,711,1462,G3
Suturing,Suturing_H001,H,/kaggle/input/datasets/anaghabpoojari11/surgbench/Suturing/Suturing/video/Suturing_H001_capture2.avi,1463,1635,G6
Suturing,Suturing_H001,H,/kaggle/input/datasets/anaghabpoojari11/surgbench/Suturing/Suturing/video/Suturing_H001_capture2.avi,1636,1817,G4
Suturing,Suturing_H001,H,/kaggle/input/datasets/anaghabpoojari11/surgbench/Suturing/Suturing/video/Suturing_H001_capture2.avi,1818,2007,G2
Suturing,Suturing_H001,H,/kaggle/input/datasets/anaghabpoojari11/surgbench/Suturing/Suturing/video/Suturing_H001_capture2.avi,2008,2275,G3
Suturing,Suturing_H001,H,/kaggle/input/datasets/anaghabpoojari11/surgbench/Suturing/Suturing/video/Suturing_H001_capture2.avi,2276,2537,G6
Suturing,Suturing_H001,H,/kaggle/input/datasets/anaghabpoojari11/surgbench/Suturing/Suturing/video/Suturing_H001_capture2.avi,2538,2643,G4
Suturing,Suturing_H001,H,/kaggle/input/datasets/anaghabpoojari11/surgbench/Suturing/Suturing/video/Suturing_H001_capture2.avi,2644,2741,G10
Suturing,Suturing_H001,H,/kaggle/input/datasets/anaghabpoojari11/surgbench/Suturing/Suturing/video/Suturing_H001_capture2.avi,2742,2792,G6
Suturing,Suturing_H001,H,/kaggle/input/datasets/anaghabpoojari11/surgbench/Suturing/Suturing/video/Suturing_H001_capture2.avi,2793,2951,G10
Suturing,Suturing_H001,H,/kaggle/input/datasets/anaghabpoojari11/surgbench/Suturing/Suturing/video/Suturing_H001_capture2.avi,2952,2995,G6
Suturing,Suturing_H001,H,/kaggle/input/datasets/anaghabpoojari11/surgbench/Suturing/Suturing/video/Suturing_H001_capture2.avi,2996,3084,G4
Suturing,Suturing_H001,H,/kaggle/input/datasets/anaghabpoojari11/surgbench/Suturing/Suturing/video/Suturing_H001_capture2.avi,3085,3151,G6
Suturing,Suturing_H001,H,/kaggle/input/datasets/anaghabpoojari11/surgbench/Suturing/Suturing/video/Suturing_H001_capture2.avi,3152,3399,G4
Suturing,Suturing_H001,H,/kaggle/input/datasets/anaghabpoojari11/surgbench/Suturing/Suturing/video/Suturing_H001_capture2.avi,3400,3622,G2
Suturing,Suturing_H001,H,/kaggle/input/datasets/anaghabpoojari11/surgbench/Suturing/Suturing/video/Suturing_H001_capture2.avi,3623,3963,G3
Suturing,Suturing_H001,H,/kaggle/input/datasets/anaghabpoojari11/surgbench/Suturing/Suturing/video/Suturing_H001_capture2.avi,3964,4164,G6
Suturing,Suturing_H001,H,/kaggle/input/datasets/anaghabpoojari11/surgbench/Suturing/Suturing/video/Suturing_H001_capture2.avi,4165,4368,G4
Suturing,Suturing_H001,H,/kaggle/input/datasets/anaghabpoojari11/surgbench/Suturing/Suturing/video/Suturing_H001_capture2.avi,4369,4568,G2
Suturing,Suturing_H001,H,/kaggle/input/datasets/anaghabpoojari11/surgbench/Suturing/Suturing/video/Suturing_H001_capture2.avi,4569,4975,G3
Suturing,Suturing_H001,H,/kaggle/input/datasets/anaghabpoojari11/surgbench/Suturing/Suturing/video/Suturing_H001_capture2.avi,4976,5194,G6
Suturing,Suturing_H001,H,/kaggle/input/datasets/anaghabpoojari11/surgbench/Suturing/Suturing/video/Suturing_H001_capture2.avi,5195,5363,G11
Suturing,Suturing_C001,C,/kaggle/input/datasets/anaghabpoojari11/surgbench/Suturing/Suturing/video/Suturing_C001_capture2.avi,26,67,G1
Suturing,Suturing_C001,C,/kaggle/input/datasets/anaghabpoojari11/surgbench/Suturing/Suturing/video/Suturing_C001_capture2.avi,68,191,G5
Suturing,Suturing_C001,C,/kaggle/input/datasets/anaghabpoojari11/surgbench/Suturing/Suturing/video/Suturing_C001_capture2.avi,192,305,G8
Suturing,Suturing_C001,C,/kaggle/input/datasets/anaghabpoojari11/surgbench/Suturing/Suturing/video/Suturing_C001_capture2.avi,306,413,G2
Suturing,Suturing_C001,C,/kaggle/input/datasets/anaghabpoojari11/surgbench/Suturing/Suturing/video/Suturing_C001_capture2.avi,414,781,G3
Suturing,Suturing_C001,C,/kaggle/input/datasets/anaghabpoojari11/surgbench/Suturing/Suturing/video/Suturing_C001_capture2.avi,782,854,G6
Suturing,Suturing_C001,C,/kaggle/input/datasets/anaghabpoojari11/surgbench/Suturing/Suturing/video/Suturing_C001_capture2.avi,855,1039,G4
Suturing,Suturing_C001,C,/kaggle/input/datasets/anaghabpoojari11/surgbench/Suturing/Suturing/video/Suturing_C001_capture2.avi,1040,1191,G8
Suturing,Suturing_C001,C,/kaggle/input/datasets/anaghabpoojari11/surgbench/Suturing/Suturing/video/Suturing_C001_capture2.avi,1192,1354,G2
Suturing,Suturing_C001,C,/kaggle/input/datasets/anaghabpoojari11/surgbench/Suturing/Suturing/video/Suturing_C001_capture2.avi,1355,1581,G3
Suturing,Suturing_C001,C,/kaggle/input/datasets/anaghabpoojari11/surgbench/Suturing/Suturing/video/Suturing_C001_capture2.avi,1582,1793,G6
Suturing,Suturing_C001,C,/kaggle/input/datasets/anaghabpoojari11/surgbench/Suturing/Suturing/video/Suturing_C001_capture2.avi,1794,1915,G4
Suturing,Suturing_C001,C,/kaggle/input/datasets/anaghabpoojari11/surgbench/Suturing/Suturing/video/Suturing_C001_capture2.avi,1916,2016,G2
Suturing,Suturing_C001,C,/kaggle/input/datasets/anaghabpoojari11/surgbench/Suturing/Suturing/video/Suturing_C001_capture2.avi,2017,2253,G3
Suturing,Suturing_C001,C,/kaggle/input/datasets/anaghabpoojari11/surgbench/Suturing/Suturing/video/Suturing_C001_capture2.avi,2254,2410,G6
Suturing,Suturing_C001,C,/kaggle/input/datasets/anaghabpoojari11/surgbench/Suturing/Suturing/video/Suturing_C001_capture2.avi,2411,2529,G4
Suturing,Suturing_C001,C,/kaggle/input/datasets/anaghabpoojari11/surgbench/Suturing/Suturing/video/Suturing_C001_capture2.avi,2530,2623,G2
Suturing,Suturing_C001,C,/kaggle/input/datasets/anaghabpoojari11/surgbench/Suturing/Suturing/video/Suturing_C001_capture2.avi,2624,2782,G3
Suturing,Suturing_C001,C,/kaggle/input/datasets/anaghabpoojari11/surgbench/Suturing/Suturing/video/Suturing_C001_capture2.avi,2783,2987,G6
Suturing,Suturing_C001,C,/kaggle/input/datasets/anaghabpoojari11/surgbench/Suturing/Suturing/video/Suturing_C001_capture2.avi,2988,3180,G11
Suturing,Suturing_B001,B,/kaggle/input/datasets/anaghabpoojari11/surgbench/Suturing/Suturing/video/Suturing_B001_capture2.avi,80,219,G1
Suturing,Suturing_B001,B,/kaggle/input/datasets/anaghabpoojari11/surgbench/Suturing/Suturing/video/Suturing_B001_capture2.avi,220,370,G5
Suturing,Suturing_B001,B,/kaggle/input/datasets/anaghabpoojari11/surgbench/Suturing/Suturing/video/Suturing_B001_capture2.avi,371,590,G8
Suturing,Suturing_B001,B,/kaggle/input/datasets/anaghabpoojari11/surgbench/Suturing/Suturing/video/Suturing_B001_capture2.avi,591,660,G2
Suturing,Suturing_B001,B,/kaggle/input/datasets/anaghabpoojari11/surgbench/Suturing/Suturing/video/Suturing_B001_capture2.avi,661,954,G3
Suturing,Suturing_B001,B,/kaggle/input/datasets/anaghabpoojari11/surgbench/Suturing/Suturing/video/Suturing_B001_capture2.avi,955,1097,G8
Suturing,Suturing_B001,B,/kaggle/input/datasets/anaghabpoojari11/surgbench/Suturing/Suturing/video/Suturing_B001_capture2.avi,1098,1124,G2
Suturing,Suturing_B001,B,/kaggle/input/datasets/anaghabpoojari11/surgbench/Suturing/Suturing/video/Suturing_B001_capture2.avi,1125,1401,G3
Suturing,Suturing_B001,B,/kaggle/input/datasets/anaghabpoojari11/surgbench/Suturing/Suturing/video/Suturing_B001_capture2.avi,1402,1439,G2
Suturing,Suturing_B001,B,/kaggle/input/datasets/anaghabpoojari11/surgbench/Suturing/Suturing/video/Suturing_B001_capture2.avi,1440,1698,G8
Suturing,Suturing_B001,B,/kaggle/input/datasets/anaghabpoojari11/surgbench/Suturing/Suturing/video/Suturing_B001_capture2.avi,1699,1783,G2
Suturing,Suturing_B001,B,/kaggle/input/datasets/anaghabpoojari11/surgbench/Suturing/Suturing/video/Suturing_B001_capture2.avi,1784,2285,G3
Suturing,Suturing_B001,B,/kaggle/input/datasets/anaghabpoojari11/surgbench/Suturing/Suturing/video/Suturing_B001_capture2.avi,2286,2495,G6
Suturing,Suturing_B001,B,/kaggle/input/datasets/anaghabpoojari11/surgbench/Suturing/Suturing/video/Suturing_B001_capture2.avi,2496,2679,G4
Suturing,Suturing_B001,B,/kaggle/input/datasets/anaghabpoojari11/surgbench/Suturing/Suturing/video/Suturing_B001_capture2.avi,2680,2750,G2
Suturing,Suturing_B001,B,/kaggle/input/datasets/anaghabpoojari11/surgbench/Suturing/Suturing/video/Suturing_B001_capture2.avi,2751,2976,G3
Suturing,Suturing_B001,B,/kaggle/input/datasets/anaghabpoojari11/surgbench/Suturing/Suturing/video/Suturing_B001_capture2.avi,2977,3155,G6
Suturing,Suturing_B001,B,/kaggle/input/datasets/anaghabpoojari11/surgbench/Suturing/Suturing/video/Suturing_B001_capture2.avi,3156,3308,G4
Suturing,Suturing_B001,B,/kaggle/input/datasets/anaghabpoojari11/surgbench/Suturing/Suturing/video/Suturing_B001_capture2.avi,3309,3659,G2
Suturing,Suturing_B001,B,/kaggle/input/datasets/anaghabpoojari11/surgbench/Suturing/Suturing/video/Suturing_B001_capture2.avi,3660,4011,G3
Suturing,Suturing_B001,B,/kaggle/input/datasets/anaghabpoojari11/surgbench/Suturing/Suturing/video/Suturing_B001_capture2.avi,4012,4321,G8
Suturing,Suturing_B001,B,/kaggle/input/datasets/anaghabpoojari11/surgbench/Suturing/Suturing/video/Suturing_B001_capture2.avi,4322,4374,G2
Suturing,Suturing_B001,B,/kaggle/input/datasets/anaghabpoojari11/surgbench/Suturing/Suturing/video/Suturing_B001_capture2.avi,4375,4704,G3
Suturing,Suturing_B001,B,/kaggle/input/datasets/anaghabpoojari11/surgbench/Suturing/Suturing/video/Suturing_B001_capture2.avi,4705,4846,G6
Suturing,Suturing_B001,B,/kaggle/input/datasets/anaghabpoojari11/surgbench/Suturing/Suturing/video/Suturing_B001_capture2.avi,4847,4983,G4
Suturing,Suturing_B001,B,/kaggle/input/datasets/anaghabpoojari11/surgbench/Suturing/Suturing/video/Suturing_B001_capture2.avi,4984,5059,G2
Suturing,Suturing_B001,B,/kaggle/input/datasets/anaghabpoojari11/surgbench/Suturing/Suturing/video/Suturing_B001_capture2.avi,5060,5354,G3
Suturing,Suturing_B001,B,/kaggle/input/datasets/anaghabpoojari11/surgbench/Suturing/Suturing/video/Suturing_B001_capture2.avi,5355,5447,G6
Suturing,Suturing_B001,B,/kaggle/input/datasets/anaghabpoojari11/surgbench/Suturing/Suturing/video/Suturing_B001_capture2.avi,5448,5635,G11
Suturing,Suturing_D003,D,/kaggle/input/datasets/anaghabpoojari11/surgbench/Suturing/Suturing/video/Suturing_D003_capture2.avi,14,91,G1
Suturing,Suturing_D003,D,/kaggle/input/datasets/anaghabpoojari11/surgbench/Suturing/Suturing/video/Suturing_D003_capture2.avi,92,151,G5
Suturing,Suturing_D003,D,/kaggle/input/datasets/anaghabpoojari11/surgbench/Suturing/Suturing/video/Suturing_D003_capture2.avi,152,217,G8
Suturing,Suturing_D003,D,/kaggle/input/datasets/anaghabpoojari11/surgbench/Suturing/Suturing/video/Suturing_D003_capture2.avi,218,254,G2
Suturing,Suturing_D003,D,/kaggle/input/datasets/anaghabpoojari11/surgbench/Suturing/Suturing/video/Suturing_D003_capture2.avi,255,417,G3
Suturing,Suturing_D003,D,/kaggle/input/datasets/anaghabpoojari11/surgbench/Suturing/Suturing/video/Suturing_D003_capture2.avi,418,484,G6
Suturing,Suturing_D003,D,/kaggle/input/datasets/anaghabpoojari11/surgbench/Suturing/Suturing/video/Suturing_D003_capture2.avi,485,589,G9
Suturing,Suturing_D003,D,/kaggle/input/datasets/anaghabpoojari11/surgbench/Suturing/Suturing/video/Suturing_D003_capture2.avi,590,742,G4
Suturing,Suturing_D003,D,/kaggle/input/datasets/anaghabpoojari11/surgbench/Suturing/Suturing/video/Suturing_D003_capture2.avi,743,797,G2
Suturing,Suturing_D003,D,/kaggle/input/datasets/anaghabpoojari11/surgbench/Suturing/Suturing/video/Suturing_D003_capture2.avi,798,966,G3
Suturing,Suturing_D003,D,/kaggle/input/datasets/anaghabpoojari11/surgbench/Suturing/Suturing/video/Suturing_D003_capture2.avi,967,1012,G6
Suturing,Suturing_D003,D,/kaggle/input/datasets/anaghabpoojari11/surgbench/Suturing/Suturing/video/Suturing_D003_capture2.avi,1013,1240,G9
Suturing,Suturing_D003,D,/kaggle/input/datasets/anaghabpoojari11/surgbench/Suturing/Suturing/video/Suturing_D003_capture2.avi,1241,1265,G2
Suturing,Suturing_D003,D,/kaggle/input/datasets/anaghabpoojari11/surgbench/Suturing/Suturing/video/Suturing_D003_capture2.avi,1266,1339,G4
Suturing,Suturing_D003,D,/kaggle/input/datasets/anaghabpoojari11/surgbench/Suturing/Suturing/video/Suturing_D003_capture2.avi,1340,1420,G2
Suturing,Suturing_D003,D,/kaggle/input/datasets/anaghabpoojari11/surgbench/Suturing/Suturing/video/Suturing_D003_capture2.avi,1421,1586,G3
Suturing,Suturing_D003,D,/kaggle/input/datasets/anaghabpoojari11/surgbench/Suturing/Suturing/video/Suturing_D003_capture2.avi,1587,1635,G6
Suturing,Suturing_D003,D,/kaggle/input/datasets/anaghabpoojari11/surgbench/Suturing/Suturing/video/Suturing_D003_capture2.avi,1636,1689,G9
Suturing,Suturing_D003,D,/kaggle/input/datasets/anaghabpoojari11/surgbench/Suturing/Suturing/video/Suturing_D003_capture2.avi,1690,1759,G4
Suturing,Suturing_D003,D,/kaggle/input/datasets/anaghabpoojari11/surgbench/Suturing/Suturing/video/Suturing_D003_capture2.avi,1760,1805,G2
Suturing,Suturing_D003,D,/kaggle/input/datasets/anaghabpoojari11/surgbench/Suturing/Suturing/video/Suturing_D003_capture2.avi,1806,2135,G3
Suturing,Suturing_D003,D,/kaggle/input/datasets/anaghabpoojari11/surgbench/Suturing/Suturing/video/Suturing_D003_capture2.avi,2136,2184,G6
Suturing,Suturing_D003,D,/kaggle/input/datasets/anaghabpoojari11/surgbench/Suturing/Suturing/video/Suturing_D003_capture2.avi,2185,2226,G9
Suturing,Suturing_D003,D,/kaggle/input/datasets/anaghabpoojari11/surgbench/Suturing/Suturing/video/Suturing_D003_capture2.avi,2227,2317,G11
Suturing,Suturing_B003,B,/kaggle/input/datasets/anaghabpoojari11/surgbench/Suturing/Suturing/video/Suturing_B003_capture2.avi,8,103,G1
Suturing,Suturing_B003,B,/kaggle/input/datasets/anaghabpoojari11/surgbench/Suturing/Suturing/video/Suturing_B003_capture2.avi,104,180,G5
Suturing,Suturing_B003,B,/kaggle/input/datasets/anaghabpoojari11/surgbench/Suturing/Suturing/video/Suturing_B003_capture2.avi,181,221,G2
Suturing,Suturing_B003,B,/kaggle/input/datasets/anaghabpoojari11/surgbench/Suturing/Suturing/video/Suturing_B003_capture2.avi,222,522,G3
Suturing,Suturing_B003,B,/kaggle/input/datasets/anaghabpoojari11/surgbench/Suturing/Suturing/video/Suturing_B003_capture2.avi,523,701,G6
Suturing,Suturing_B003,B,/kaggle/input/datasets/anaghabpoojari11/surgbench/Suturing/Suturing/video/Suturing_B003_capture2.avi,702,919,G4
Suturing,Suturing_B003,B,/kaggle/input/datasets/anaghabpoojari11/surgbench/Suturing/Suturing/video/Suturing_B003_capture2.avi,920,982,G2
Suturing,Suturing_B003,B,/kaggle/input/datasets/anaghabpoojari11/surgbench/Suturing/Suturing/video/Suturing_B003_capture2.avi,983,1205,G3
Suturing,Suturing_B003,B,/kaggle/input/datasets/anaghabpoojari11/surgbench/Suturing/Suturing/video/Suturing_B003_capture2.avi,1206,1394,G6
Suturing,Suturing_B003,B,/kaggle/input/datasets/anaghabpoojari11/surgbench/Suturing/Suturing/video/Suturing_B003_capture2.avi,1395,1526,G4
Suturing,Suturing_B003,B,/kaggle/input/datasets/anaghabpoojari11/surgbench/Suturing/Suturing/video/Suturing_B003_capture2.avi,1527,1595,G2
Suturing,Suturing_B003,B,/kaggle/input/datasets/anaghabpoojari11/surgbench/Suturing/Suturing/video/Suturing_B003_capture2.avi,1596,1929,G3
Suturing,Suturing_B003,B,/kaggle/input/datasets/anaghabpoojari11/surgbench/Suturing/Suturing/video/Suturing_B003_capture2.avi,1930,2195,G6
Suturing,Suturing_B003,B,/kaggle/input/datasets/anaghabpoojari11/surgbench/Suturing/Suturing/video/Suturing_B003_capture2.avi,2196,2370,G4
Suturing,Suturing_B003,B,/kaggle/input/datasets/anaghabpoojari11/surgbench/Suturing/Suturing/video/Suturing_B003_capture2.avi,2371,2436,G2
Suturing,Suturing_B003,B,/kaggle/input/datasets/anaghabpoojari11/surgbench/Suturing/Suturing/video/Suturing_B003_capture2.avi,2437,2683,G3
Suturing,Suturing_B003,B,/kaggle/input/datasets/anaghabpoojari11/surgbench/Suturing/Suturing/video/Suturing_B003_capture2.avi,2684,3116,G6
Suturing,Suturing_B003,B,/kaggle/input/datasets/anaghabpoojari11/surgbench/Suturing/Suturing/video/Suturing_B003_capture2.avi,3117,3274,G11
Suturing,Suturing_E003,E,/kaggle/input/datasets/anaghabpoojari11/surgbench/Suturing/Suturing/video/Suturing_E003_capture2.avi,60,142,G1
Suturing,Suturing_E003,E,/kaggle/input/datasets/anaghabpoojari11/surgbench/Suturing/Suturing/video/Suturing_E003_capture2.avi,143,195,G5
Suturing,Suturing_E003,E,/kaggle/input/datasets/anaghabpoojari11/surgbench/Suturing/Suturing/video/Suturing_E003_capture2.avi,196,253,G2
Suturing,Suturing_E003,E,/kaggle/input/datasets/anaghabpoojari11/surgbench/Suturing/Suturing/video/Suturing_E003_capture2.avi,254,449,G3
Suturing,Suturing_E003,E,/kaggle/input/datasets/anaghabpoojari11/surgbench/Suturing/Suturing/video/Suturing_E003_capture2.avi,450,579,G6
Suturing,Suturing_E003,E,/kaggle/input/datasets/anaghabpoojari11/surgbench/Suturing/Suturing/video/Suturing_E003_capture2.avi,580,689,G4
Suturing,Suturing_E003,E,/kaggle/input/datasets/anaghabpoojari11/surgbench/Suturing/Suturing/video/Suturing_E003_capture2.avi,690,744,G2
Suturing,Suturing_E003,E,/kaggle/input/datasets/anaghabpoojari11/surgbench/Suturing/Suturing/video/Suturing_E003_capture2.avi,745,968,G3
Suturing,Suturing_E003,E,/kaggle/input/datasets/anaghabpoojari11/surgbench/Suturing/Suturing/video/Suturing_E003_capture2.avi,969,1094,G6
Suturing,Suturing_E003,E,/kaggle/input/datasets/anaghabpoojari11/surgbench/Suturing/Suturing/video/Suturing_E003_capture2.avi,1095,1267,G8
Suturing,Suturing_E003,E,/kaggle/input/datasets/anaghabpoojari11/surgbench/Suturing/Suturing/video/Suturing_E003_capture2.avi,1268,1332,G2
Suturing,Suturing_E003,E,/kaggle/input/datasets/anaghabpoojari11/surgbench/Suturing/Suturing/video/Suturing_E003_capture2.avi,1333,1507,G3
Suturing,Suturing_E003,E,/kaggle/input/datasets/anaghabpoojari11/surgbench/Suturing/Suturing/video/Suturing_E003_capture2.avi,1508,1662,G6
Suturing,Suturing_E003,E,/kaggle/input/datasets/anaghabpoojari11/surgbench/Suturing/Suturing/video/Suturing_E003_capture2.avi,1663,1777,G4
Suturing,Suturing_E003,E,/kaggle/input/datasets/anaghabpoojari11/surgbench/Suturing/Suturing/video/Suturing_E003_capture2.avi,1778,1850,G2
Suturing,Suturing_E003,E,/kaggle/input/datasets/anaghabpoojari11/surgbench/Suturing/Suturing/video/Suturing_E003_capture2.avi,1851,2055,G3
Suturing,Suturing_E003,E,/kaggle/input/datasets/anaghabpoojari11/surgbench/Suturing/Suturing/video/Suturing_E003_capture2.avi,2056,2130,G6
Suturing,Suturing_E003,E,/kaggle/input/datasets/anaghabpoojari11/surgbench/Suturing/Suturing/video/Suturing_E003_capture2.avi,2131,2575,G11
Suturing,Suturing_H005,H,/kaggle/input/datasets/anaghabpoojari11/surgbench/Suturing/Suturing/video/Suturing_H005_capture2.avi,1,131,G5
Suturing,Suturing_H005,H,/kaggle/input/datasets/anaghabpoojari11/surgbench/Suturing/Suturing/video/Suturing_H005_capture2.avi,132,320,G8
Suturing,Suturing_H005,H,/kaggle/input/datasets/anaghabpoojari11/surgbench/Suturing/Suturing/video/Suturing_H005_capture2.avi,321,413,G2
Suturing,Suturing_H005,H,/kaggle/input/datasets/anaghabpoojari11/surgbench/Suturing/Suturing/video/Suturing_H005_capture2.avi,414,619,G3
Suturing,Suturing_H005,H,/kaggle/input/datasets/anaghabpoojari11/surgbench/Suturing/Suturing/video/Suturing_H005_capture2.avi,620,767,G6
Suturing,Suturing_H005,H,/kaggle/input/datasets/anaghabpoojari11/surgbench/Suturing/Suturing/video/Suturing_H005_capture2.avi,768,961,G4
Suturing,Suturing_H005,H,/kaggle/input/datasets/anaghabpoojari11/surgbench/Suturing/Suturing/video/Suturing_H005_capture2.avi,962,1128,G2
Suturing,Suturing_H005,H,/kaggle/input/datasets/anaghabpoojari11/surgbench/Suturing/Suturing/video/Suturing_H005_capture2.avi,1129,1429,G3
Suturing,Suturing_H005,H,/kaggle/input/datasets/anaghabpoojari11/surgbench/Suturing/Suturing/video/Suturing_H005_capture2.avi,1430,1667,G6
Suturing,Suturing_H005,H,/kaggle/input/datasets/anaghabpoojari11/surgbench/Suturing/Suturing/video/Suturing_H005_capture2.avi,1668,1828,G4
Suturing,Suturing_H005,H,/kaggle/input/datasets/anaghabpoojari11/surgbench/Suturing/Suturing/video/Suturing_H005_capture2.avi,1829,1933,G2
Suturing,Suturing_H005,H,/kaggle/input/datasets/anaghabpoojari11/surgbench/Suturing/Suturing/video/Suturing_H005_capture2.avi,1934,2288,G3
Suturing,Suturing_H005,H,/kaggle/input/datasets/anaghabpoojari11/surgbench/Suturing/Suturing/video/Suturing_H005_capture2.avi,2289,2453,G6
Suturing,Suturing_H005,H,/kaggle/input/datasets/anaghabpoojari11/surgbench/Suturing/Suturing/video/Suturing_H005_capture2.avi,2454,2624,G4
Suturing,Suturing_H005,H,/kaggle/input/datasets/anaghabpoojari11/surgbench/Suturing/Suturing/video/Suturing_H005_capture2.avi,2625,2738,G2
Suturing,Suturing_H005,H,/kaggle/input/datasets/anaghabpoojari11/surgbench/Suturing/Suturing/video/Suturing_H005_capture2.avi,2739,2998,G3
Suturing,Suturing_H005,H,/kaggle/input/datasets/anaghabpoojari11/surgbench/Suturing/Suturing/video/Suturing_H005_capture2.avi,2999,3127,G6
Suturing,Suturing_H005,H,/kaggle/input/datasets/anaghabpoojari11/surgbench/Suturing/Suturing/video/Suturing_H005_capture2.avi,3128,3279,G11
Suturing,Suturing_F005,F,/kaggle/input/datasets/anaghabpoojari11/surgbench/Suturing/Suturing/video/Suturing_F005_capture2.avi,11,67,G1
Suturing,Suturing_F005,F,/kaggle/input/datasets/anaghabpoojari11/surgbench/Suturing/Suturing/video/Suturing_F005_capture2.avi,68,133,G5
Suturing,Suturing_F005,F,/kaggle/input/datasets/anaghabpoojari11/surgbench/Suturing/Suturing/video/Suturing_F005_capture2.avi,134,203,G8
Suturing,Suturing_F005,F,/kaggle/input/datasets/anaghabpoojari11/surgbench/Suturing/Suturing/video/Suturing_F005_capture2.avi,204,249,G2
Suturing,Suturing_F005,F,/kaggle/input/datasets/anaghabpoojari11/surgbench/Suturing/Suturing/video/Suturing_F005_capture2.avi,250,436,G3
Suturing,Suturing_F005,F,/kaggle/input/datasets/anaghabpoojari11/surgbench/Suturing/Suturing/video/Suturing_F005_capture2.avi,437,519,G6
Suturing,Suturing_F005,F,/kaggle/input/datasets/anaghabpoojari11/surgbench/Suturing/Suturing/video/Suturing_F005_capture2.avi,520,601,G4
Suturing,Suturing_F005,F,/kaggle/input/datasets/anaghabpoojari11/surgbench/Suturing/Suturing/video/Suturing_F005_capture2.avi,602,659,G2
Suturing,Suturing_F005,F,/kaggle/input/datasets/anaghabpoojari11/surgbench/Suturing/Suturing/video/Suturing_F005_capture2.avi,660,813,G3
Suturing,Suturing_F005,F,/kaggle/input/datasets/anaghabpoojari11/surgbench/Suturing/Suturing/video/Suturing_F005_capture2.avi,814,865,G6
Suturing,Suturing_F005,F,/kaggle/input/datasets/anaghabpoojari11/surgbench/Suturing/Suturing/video/Suturing_F005_capture2.avi,866,962,G4
Suturing,Suturing_F005,F,/kaggle/input/datasets/anaghabpoojari11/surgbench/Suturing/Suturing/video/Suturing_F005_capture2.avi,963,1050,G2
Suturing,Suturing_F005,F,/kaggle/input/datasets/anaghabpoojari11/surgbench/Suturing/Suturing/video/Suturing_F005_capture2.avi,1051,1221,G3
Suturing,Suturing_F005,F,/kaggle/input/datasets/anaghabpoojari11/surgbench/Suturing/Suturing/video/Suturing_F005_capture2.avi,1222,1289,G6
Suturing,Suturing_F005,F,/kaggle/input/datasets/anaghabpoojari11/surgbench/Suturing/Suturing/video/Suturing_F005_capture2.avi,1290,1376,G4
Suturing,Suturing_F005,F,/kaggle/input/datasets/anaghabpoojari11/surgbench/Suturing/Suturing/video/Suturing_F005_capture2.avi,1377,1470,G2
Suturing,Suturing_F005,F,/kaggle/input/datasets/anaghabpoojari11/surgbench/Suturing/Suturing/video/Suturing_F005_capture2.avi,1471,1675,G3
Suturing,Suturing_F005,F,/kaggle/input/datasets/anaghabpoojari11/surgbench/Suturing/Suturing/video/Suturing_F005_capture2.avi,1676,1734,G6
Suturing,Suturing_F005,F,/kaggle/input/datasets/anaghabpoojari11/surgbench/Suturing/Suturing/video/Suturing_F005_capture2.avi,1735,2039,G11
Suturing,Suturing_C002,C,/kaggle/input/datasets/anaghabpoojari11/surgbench/Suturing/Suturing/video/Suturing_C002_capture2.avi,1,101,G5
Suturing,Suturing_C002,C,/kaggle/input/datasets/anaghabpoojari11/surgbench/Suturing/Suturing/video/Suturing_C002_capture2.avi,102,328,G8
Suturing,Suturing_C002,C,/kaggle/input/datasets/anaghabpoojari11/surgbench/Suturing/Suturing/video/Suturing_C002_capture2.avi,329,461,G2
Suturing,Suturing_C002,C,/kaggle/input/datasets/anaghabpoojari11/surgbench/Suturing/Suturing/video/Suturing_C002_capture2.avi,462,785,G3
Suturing,Suturing_C002,C,/kaggle/input/datasets/anaghabpoojari11/surgbench/Suturing/Suturing/video/Suturing_C002_capture2.avi,786,901,G6
Suturing,Suturing_C002,C,/kaggle/input/datasets/anaghabpoojari11/surgbench/Suturing/Suturing/video/Suturing_C002_capture2.avi,902,1029,G4
Suturing,Suturing_C002,C,/kaggle/input/datasets/anaghabpoojari11/surgbench/Suturing/Suturing/video/Suturing_C002_capture2.avi,1030,1207,G8
Suturing,Suturing_C002,C,/kaggle/input/datasets/anaghabpoojari11/surgbench/Suturing/Suturing/video/Suturing_C002_capture2.avi,1208,1321,G2
Suturing,Suturing_C002,C,/kaggle/input/datasets/anaghabpoojari11/surgbench/Suturing/Suturing/video/Suturing_C002_capture2.avi,1322,1505,G3
Suturing,Suturing_C002,C,/kaggle/input/datasets/anaghabpoojari11/surgbench/Suturing/Suturing/video/Suturing_C002_capture2.avi,1506,1685,G6
Suturing,Suturing_C002,C,/kaggle/input/datasets/anaghabpoojari11/surgbench/Suturing/Suturing/video/Suturing_C002_capture2.avi,1686,1859,G2
Suturing,Suturing_C002,C,/kaggle/input/datasets/anaghabpoojari11/surgbench/Suturing/Suturing/video/Suturing_C002_capture2.avi,1860,2086,G3
Suturing,Suturing_C002,C,/kaggle/input/datasets/anaghabpoojari11/surgbench/Suturing/Suturing/video/Suturing_C002_capture2.avi,2087,2163,G6
Suturing,Suturing_C002,C,/kaggle/input/datasets/anaghabpoojari11/surgbench/Suturing/Suturing/video/Suturing_C002_capture2.avi,2164,2334,G4
Suturing,Suturing_C002,C,/kaggle/input/datasets/anaghabpoojari11/surgbench/Suturing/Suturing/video/Suturing_C002_capture2.avi,2335,2412,G2
Suturing,Suturing_C002,C,/kaggle/input/datasets/anaghabpoojari11/surgbench/Suturing/Suturing/video/Suturing_C002_capture2.avi,2413,2833,G3
Suturing,Suturing_C002,C,/kaggle/input/datasets/anaghabpoojari11/surgbench/Suturing/Suturing/video/Suturing_C002_capture2.avi,2834,3005,G6
Suturing,Suturing_C002,C,/kaggle/input/datasets/anaghabpoojari11/surgbench/Suturing/Suturing/video/Suturing_C002_capture2.avi,3006,3267,G11
Suturing,Suturing_I002,I,/kaggle/input/datasets/anaghabpoojari11/surgbench/Suturing/Suturing/video/Suturing_I002_capture2.avi,1,56,G1
Suturing,Suturing_I002,I,/kaggle/input/datasets/anaghabpoojari11/surgbench/Suturing/Suturing/video/Suturing_I002_capture2.avi,57,145,G5
Suturing,Suturing_I002,I,/kaggle/input/datasets/anaghabpoojari11/surgbench/Suturing/Suturing/video/Suturing_I002_capture2.avi,146,500,G8
Suturing,Suturing_I002,I,/kaggle/input/datasets/anaghabpoojari11/surgbench/Suturing/Suturing/video/Suturing_I002_capture2.avi,501,639,G2
Suturing,Suturing_I002,I,/kaggle/input/datasets/anaghabpoojari11/surgbench/Suturing/Suturing/video/Suturing_I002_capture2.avi,640,1105,G3
Suturing,Suturing_I002,I,/kaggle/input/datasets/anaghabpoojari11/surgbench/Suturing/Suturing/video/Suturing_I002_capture2.avi,1106,1370,G6
Suturing,Suturing_I002,I,/kaggle/input/datasets/anaghabpoojari11/surgbench/Suturing/Suturing/video/Suturing_I002_capture2.avi,1371,1600,G4
Suturing,Suturing_I002,I,/kaggle/input/datasets/anaghabpoojari11/surgbench/Suturing/Suturing/video/Suturing_I002_capture2.avi,1601,1942,G2
Suturing,Suturing_I002,I,/kaggle/input/datasets/anaghabpoojari11/surgbench/Suturing/Suturing/video/Suturing_I002_capture2.avi,1943,2313,G3
Suturing,Suturing_I002,I,/kaggle/input/datasets/anaghabpoojari11/surgbench/Suturing/Suturing/video/Suturing_I002_capture2.avi,2314,2630,G6
Suturing,Suturing_I002,I,/kaggle/input/datasets/anaghabpoojari11/surgbench/Suturing/Suturing/video/Suturing_I002_capture2.avi,2631,2752,G4
Suturing,Suturing_I002,I,/kaggle/input/datasets/anaghabpoojari11/surgbench/Suturing/Suturing/video/Suturing_I002_capture2.avi,2753,2971,G2
Suturing,Suturing_I002,I,/kaggle/input/datasets/anaghabpoojari11/surgbench/Suturing/Suturing/video/Suturing_I002_capture2.avi,2972,3307,G3
Suturing,Suturing_I002,I,/kaggle/input/datasets/anaghabpoojari11/surgbench/Suturing/Suturing/video/Suturing_I002_capture2.avi,3308,3451,G6
Suturing,Suturing_I002,I,/kaggle/input/datasets/anaghabpoojari11/surgbench/Suturing/Suturing/video/Suturing_I002_capture2.avi,3452,3623,G4
Suturing,Suturing_I002,I,/kaggle/input/datasets/anaghabpoojari11/surgbench/Suturing/Suturing/video/Suturing_I002_capture2.avi,3624,3814,G2
Suturing,Suturing_I002,I,/kaggle/input/datasets/anaghabpoojari11/surgbench/Suturing/Suturing/video/Suturing_I002_capture2.avi,3815,4209,G3
Suturing,Suturing_I002,I,/kaggle/input/datasets/anaghabpoojari11/surgbench/Suturing/Suturing/video/Suturing_I002_capture2.avi,4210,4324,G6
Suturing,Suturing_I002,I,/kaggle/input/datasets/anaghabpoojari11/surgbench/Suturing/Suturing/video/Suturing_I002_capture2.avi,4325,4412,G11
Suturing,Suturing_C003,C,/kaggle/input/datasets/anaghabpoojari11/surgbench/Suturing/Suturing/video/Suturing_C003_capture2.avi,13,49,G1
Suturing,Suturing_C003,C,/kaggle/input/datasets/anaghabpoojari11/surgbench/Suturing/Suturing/video/Suturing_C003_capture2.avi,50,150,G5
Suturing,Suturing_C003,C,/kaggle/input/datasets/anaghabpoojari11/surgbench/Suturing/Suturing/video/Suturing_C003_capture2.avi,151,365,G8
Suturing,Suturing_C003,C,/kaggle/input/datasets/anaghabpoojari11/surgbench/Suturing/Suturing/video/Suturing_C003_capture2.avi,366,474,G2
Suturing,Suturing_C003,C,/kaggle/input/datasets/anaghabpoojari11/surgbench/Suturing/Suturing/video/Suturing_C003_capture2.avi,475,713,G3
Suturing,Suturing_C003,C,/kaggle/input/datasets/anaghabpoojari11/surgbench/Suturing/Suturing/video/Suturing_C003_capture2.avi,714,829,G6
Suturing,Suturing_C003,C,/kaggle/input/datasets/anaghabpoojari11/surgbench/Suturing/Suturing/video/Suturing_C003_capture2.avi,830,956,G4
Suturing,Suturing_C003,C,/kaggle/input/datasets/anaghabpoojari11/surgbench/Suturing/Suturing/video/Suturing_C003_capture2.avi,957,1160,G2
Suturing,Suturing_C003,C,/kaggle/input/datasets/anaghabpoojari11/surgbench/Suturing/Suturing/video/Suturing_C003_capture2.avi,1161,1324,G3
Suturing,Suturing_C003,C,/kaggle/input/datasets/anaghabpoojari11/surgbench/Suturing/Suturing/video/Suturing_C003_capture2.avi,1325,1488,G6
Suturing,Suturing_C003,C,/kaggle/input/datasets/anaghabpoojari11/surgbench/Suturing/Suturing/video/Suturing_C003_capture2.avi,1489,1607,G4
Suturing,Suturing_C003,C,/kaggle/input/datasets/anaghabpoojari11/surgbench/Suturing/Suturing/video/Suturing_C003_capture2.avi,1608,1707,G2
Suturing,Suturing_C003,C,/kaggle/input/datasets/anaghabpoojari11/surgbench/Suturing/Suturing/video/Suturing_C003_capture2.avi,1708,1928,G3
Suturing,Suturing_C003,C,/kaggle/input/datasets/anaghabpoojari11/surgbench/Suturing/Suturing/video/Suturing_C003_capture2.avi,1929,2057,G6
Suturing,Suturing_C003,C,/kaggle/input/datasets/anaghabpoojari11/surgbench/Suturing/Suturing/video/Suturing_C003_capture2.avi,2058,2212,G4
Suturing,Suturing_C003,C,/kaggle/input/datasets/anaghabpoojari11/surgbench/Suturing/Suturing/video/Suturing_C003_capture2.avi,2213,2259,G2
Suturing,Suturing_C003,C,/kaggle/input/datasets/anaghabpoojari11/surgbench/Suturing/Suturing/video/Suturing_C003_capture2.avi,2260,2504,G3
Suturing,Suturing_C003,C,/kaggle/input/datasets/anaghabpoojari11/surgbench/Suturing/Suturing/video/Suturing_C003_capture2.avi,2505,2818,G6
Suturing,Suturing_C003,C,/kaggle/input/datasets/anaghabpoojari11/surgbench/Suturing/Suturing/video/Suturing_C003_capture2.avi,2819,3060,G11
Suturing,Suturing_I004,I,/kaggle/input/datasets/anaghabpoojari11/surgbench/Suturing/Suturing/video/Suturing_I004_capture2.avi,1,61,G1
Suturing,Suturing_I004,I,/kaggle/input/datasets/anaghabpoojari11/surgbench/Suturing/Suturing/video/Suturing_I004_capture2.avi,62,178,G5
Suturing,Suturing_I004,I,/kaggle/input/datasets/anaghabpoojari11/surgbench/Suturing/Suturing/video/Suturing_I004_capture2.avi,179,394,G8
Suturing,Suturing_I004,I,/kaggle/input/datasets/anaghabpoojari11/surgbench/Suturing/Suturing/video/Suturing_I004_capture2.avi,395,541,G2
Suturing,Suturing_I004,I,/kaggle/input/datasets/anaghabpoojari11/surgbench/Suturing/Suturing/video/Suturing_I004_capture2.avi,542,800,G3
Suturing,Suturing_I004,I,/kaggle/input/datasets/anaghabpoojari11/surgbench/Suturing/Suturing/video/Suturing_I004_capture2.avi,801,1057,G6
Suturing,Suturing_I004,I,/kaggle/input/datasets/anaghabpoojari11/surgbench/Suturing/Suturing/video/Suturing_I004_capture2.avi,1058,1126,G4
Suturing,Suturing_I004,I,/kaggle/input/datasets/anaghabpoojari11/surgbench/Suturing/Suturing/video/Suturing_I004_capture2.avi,1127,1163,G6
Suturing,Suturing_I004,I,/kaggle/input/datasets/anaghabpoojari11/surgbench/Suturing/Suturing/video/Suturing_I004_capture2.avi,1164,1312,G4
Suturing,Suturing_I004,I,/kaggle/input/datasets/anaghabpoojari11/surgbench/Suturing/Suturing/video/Suturing_I004_capture2.avi,1313,1520,G2
Suturing,Suturing_I004,I,/kaggle/input/datasets/anaghabpoojari11/surgbench/Suturing/Suturing/video/Suturing_I004_capture2.avi,1521,1865,G3
Suturing,Suturing_I004,I,/kaggle/input/datasets/anaghabpoojari11/surgbench/Suturing/Suturing/video/Suturing_I004_capture2.avi,1866,2027,G6
Suturing,Suturing_I004,I,/kaggle/input/datasets/anaghabpoojari11/surgbench/Suturing/Suturing/video/Suturing_I004_capture2.avi,2028,2234,G4
Suturing,Suturing_I004,I,/kaggle/input/datasets/anaghabpoojari11/surgbench/Suturing/Suturing/video/Suturing_I004_capture2.avi,2235,2492,G2
Suturing,Suturing_I004,I,/kaggle/input/datasets/anaghabpoojari11/surgbench/Suturing/Suturing/video/Suturing_I004_capture2.avi,2493,2893,G3
Suturing,Suturing_I004,I,/kaggle/input/datasets/anaghabpoojari11/surgbench/Suturing/Suturing/video/Suturing_I004_capture2.avi,2894,3050,G6
Suturing,Suturing_I004,I,/kaggle/input/datasets/anaghabpoojari11/surgbench/Suturing/Suturing/video/Suturing_I004_capture2.avi,3051,3219,G4
Suturing,Suturing_I004,I,/kaggle/input/datasets/anaghabpoojari11/surgbench/Suturing/Suturing/video/Suturing_I004_capture2.avi,3220,3338,G2
Suturing,Suturing_I004,I,/kaggle/input/datasets/anaghabpoojari11/surgbench/Suturing/Suturing/video/Suturing_I004_capture2.avi,3339,3552,G3
Suturing,Suturing_I004,I,/kaggle/input/datasets/anaghabpoojari11/surgbench/Suturing/Suturing/video/Suturing_I004_capture2.avi,3553,3621,G6
Suturing,Suturing_I004,I,/kaggle/input/datasets/anaghabpoojari11/surgbench/Suturing/Suturing/video/Suturing_I004_capture2.avi,3622,3730,G11
Suturing,Suturing_E005,E,/kaggle/input/datasets/anaghabpoojari11/surgbench/Suturing/Suturing/video/Suturing_E005_capture2.avi,1,49,G1
Suturing,Suturing_E005,E,/kaggle/input/datasets/anaghabpoojari11/surgbench/Suturing/Suturing/video/Suturing_E005_capture2.avi,50,91,G5
Suturing,Suturing_E005,E,/kaggle/input/datasets/anaghabpoojari11/surgbench/Suturing/Suturing/video/Suturing_E005_capture2.avi,92,141,G2
Suturing,Suturing_E005,E,/kaggle/input/datasets/anaghabpoojari11/surgbench/Suturing/Suturing/video/Suturing_E005_capture2.avi,142,363,G3
Suturing,Suturing_E005,E,/kaggle/input/datasets/anaghabpoojari11/surgbench/Suturing/Suturing/video/Suturing_E005_capture2.avi,364,507,G6
Suturing,Suturing_E005,E,/kaggle/input/datasets/anaghabpoojari11/surgbench/Suturing/Suturing/video/Suturing_E005_capture2.avi,508,644,G4
Suturing,Suturing_E005,E,/kaggle/input/datasets/anaghabpoojari11/surgbench/Suturing/Suturing/video/Suturing_E005_capture2.avi,645,739,G2
Suturing,Suturing_E005,E,/kaggle/input/datasets/anaghabpoojari11/surgbench/Suturing/Suturing/video/Suturing_E005_capture2.avi,740,897,G3
Suturing,Suturing_E005,E,/kaggle/input/datasets/anaghabpoojari11/surgbench/Suturing/Suturing/video/Suturing_E005_capture2.avi,898,1054,G6
Suturing,Suturing_E005,E,/kaggle/input/datasets/anaghabpoojari11/surgbench/Suturing/Suturing/video/Suturing_E005_capture2.avi,1055,1170,G4
Suturing,Suturing_E005,E,/kaggle/input/datasets/anaghabpoojari11/surgbench/Suturing/Suturing/video/Suturing_E005_capture2.avi,1171,1216,G2
Suturing,Suturing_E005,E,/kaggle/input/datasets/anaghabpoojari11/surgbench/Suturing/Suturing/video/Suturing_E005_capture2.avi,1217,1417,G3
Suturing,Suturing_E005,E,/kaggle/input/datasets/anaghabpoojari11/surgbench/Suturing/Suturing/video/Suturing_E005_capture2.avi,1418,1552,G6
Suturing,Suturing_E005,E,/kaggle/input/datasets/anaghabpoojari11/surgbench/Suturing/Suturing/video/Suturing_E005_capture2.avi,1553,1640,G4
Suturing,Suturing_E005,E,/kaggle/input/datasets/anaghabpoojari11/surgbench/Suturing/Suturing/video/Suturing_E005_capture2.avi,1641,1697,G2
Suturing,Suturing_E005,E,/kaggle/input/datasets/anaghabpoojari11/surgbench/Suturing/Suturing/video/Suturing_E005_capture2.avi,1698,1877,G3
Suturing,Suturing_E005,E,/kaggle/input/datasets/anaghabpoojari11/surgbench/Suturing/Suturing/video/Suturing_E005_capture2.avi,1878,2006,G6
Suturing,Suturing_E005,E,/kaggle/input/datasets/anaghabpoojari11/surgbench/Suturing/Suturing/video/Suturing_E005_capture2.avi,2007,2483,G11
Suturing,Suturing_E002,E,/kaggle/input/datasets/anaghabpoojari11/surgbench/Suturing/Suturing/video/Suturing_E002_capture2.avi,23,77,G1
Suturing,Suturing_E002,E,/kaggle/input/datasets/anaghabpoojari11/surgbench/Suturing/Suturing/video/Suturing_E002_capture2.avi,78,158,G5
Suturing,Suturing_E002,E,/kaggle/input/datasets/anaghabpoojari11/surgbench/Suturing/Suturing/video/Suturing_E002_capture2.avi,159,236,G2
Suturing,Suturing_E002,E,/kaggle/input/datasets/anaghabpoojari11/surgbench/Suturing/Suturing/video/Suturing_E002_capture2.avi,237,631,G3
Suturing,Suturing_E002,E,/kaggle/input/datasets/anaghabpoojari11/surgbench/Suturing/Suturing/video/Suturing_E002_capture2.avi,632,807,G6
Suturing,Suturing_E002,E,/kaggle/input/datasets/anaghabpoojari11/surgbench/Suturing/Suturing/video/Suturing_E002_capture2.avi,808,984,G4
Suturing,Suturing_E002,E,/kaggle/input/datasets/anaghabpoojari11/surgbench/Suturing/Suturing/video/Suturing_E002_capture2.avi,985,1051,G2
Suturing,Suturing_E002,E,/kaggle/input/datasets/anaghabpoojari11/surgbench/Suturing/Suturing/video/Suturing_E002_capture2.avi,1052,1257,G3
Suturing,Suturing_E002,E,/kaggle/input/datasets/anaghabpoojari11/surgbench/Suturing/Suturing/video/Suturing_E002_capture2.avi,1258,1407,G6
Suturing,Suturing_E002,E,/kaggle/input/datasets/anaghabpoojari11/surgbench/Suturing/Suturing/video/Suturing_E002_capture2.avi,1408,1513,G4
Suturing,Suturing_E002,E,/kaggle/input/datasets/anaghabpoojari11/surgbench/Suturing/Suturing/video/Suturing_E002_capture2.avi,1514,1569,G2
Suturing,Suturing_E002,E,/kaggle/input/datasets/anaghabpoojari11/surgbench/Suturing/Suturing/video/Suturing_E002_capture2.avi,1570,1770,G3
Suturing,Suturing_E002,E,/kaggle/input/datasets/anaghabpoojari11/surgbench/Suturing/Suturing/video/Suturing_E002_capture2.avi,1771,1911,G6
Suturing,Suturing_E002,E,/kaggle/input/datasets/anaghabpoojari11/surgbench/Suturing/Suturing/video/Suturing_E002_capture2.avi,1912,2034,G4
Suturing,Suturing_E002,E,/kaggle/input/datasets/anaghabpoojari11/surgbench/Suturing/Suturing/video/Suturing_E002_capture2.avi,2035,2093,G2
Suturing,Suturing_E002,E,/kaggle/input/datasets/anaghabpoojari11/surgbench/Suturing/Suturing/video/Suturing_E002_capture2.avi,2094,2362,G3
Suturing,Suturing_E002,E,/kaggle/input/datasets/anaghabpoojari11/surgbench/Suturing/Suturing/video/Suturing_E002_capture2.avi,2363,2471,G6
Suturing,Suturing_E002,E,/kaggle/input/datasets/anaghabpoojari11/surgbench/Suturing/Suturing/video/Suturing_E002_capture2.avi,2472,2948,G11
Suturing,Suturing_F002,F,/kaggle/input/datasets/anaghabpoojari11/surgbench/Suturing/Suturing/video/Suturing_F002_capture2.avi,1,88,G8
Suturing,Suturing_F002,F,/kaggle/input/datasets/anaghabpoojari11/surgbench/Suturing/Suturing/video/Suturing_F002_capture2.avi,89,147,G2
Suturing,Suturing_F002,F,/kaggle/input/datasets/anaghabpoojari11/surgbench/Suturing/Suturing/video/Suturing_F002_capture2.avi,148,427,G3
Suturing,Suturing_F002,F,/kaggle/input/datasets/anaghabpoojari11/surgbench/Suturing/Suturing/video/Suturing_F002_capture2.avi,428,608,G6
Suturing,Suturing_F002,F,/kaggle/input/datasets/anaghabpoojari11/surgbench/Suturing/Suturing/video/Suturing_F002_capture2.avi,609,686,G4
Suturing,Suturing_F002,F,/kaggle/input/datasets/anaghabpoojari11/surgbench/Suturing/Suturing/video/Suturing_F002_capture2.avi,687,767,G2
Suturing,Suturing_F002,F,/kaggle/input/datasets/anaghabpoojari11/surgbench/Suturing/Suturing/video/Suturing_F002_capture2.avi,768,1040,G3
Suturing,Suturing_F002,F,/kaggle/input/datasets/anaghabpoojari11/surgbench/Suturing/Suturing/video/Suturing_F002_capture2.avi,1041,1128,G6
Suturing,Suturing_F002,F,/kaggle/input/datasets/anaghabpoojari11/surgbench/Suturing/Suturing/video/Suturing_F002_capture2.avi,1129,1250,G4
Suturing,Suturing_F002,F,/kaggle/input/datasets/anaghabpoojari11/surgbench/Suturing/Suturing/video/Suturing_F002_capture2.avi,1251,1336,G2
Suturing,Suturing_F002,F,/kaggle/input/datasets/anaghabpoojari11/surgbench/Suturing/Suturing/video/Suturing_F002_capture2.avi,1337,1522,G3
Suturing,Suturing_F002,F,/kaggle/input/datasets/anaghabpoojari11/surgbench/Suturing/Suturing/video/Suturing_F002_capture2.avi,1523,1598,G6
Suturing,Suturing_F002,F,/kaggle/input/datasets/anaghabpoojari11/surgbench/Suturing/Suturing/video/Suturing_F002_capture2.avi,1599,1681,G4
Suturing,Suturing_F002,F,/kaggle/input/datasets/anaghabpoojari11/surgbench/Suturing/Suturing/video/Suturing_F002_capture2.avi,1682,1776,G2
Suturing,Suturing_F002,F,/kaggle/input/datasets/anaghabpoojari11/surgbench/Suturing/Suturing/video/Suturing_F002_capture2.avi,1777,2047,G3
Suturing,Suturing_F002,F,/kaggle/input/datasets/anaghabpoojari11/surgbench/Suturing/Suturing/video/Suturing_F002_capture2.avi,2048,2103,G6
Suturing,Suturing_F002,F,/kaggle/input/datasets/anaghabpoojari11/surgbench/Suturing/Suturing/video/Suturing_F002_capture2.avi,2104,2375,G11
Suturing,Suturing_B004,B,/kaggle/input/datasets/anaghabpoojari11/surgbench/Suturing/Suturing/video/Suturing_B004_capture2.avi,1,46,G1
Suturing,Suturing_B004,B,/kaggle/input/datasets/anaghabpoojari11/surgbench/Suturing/Suturing/video/Suturing_B004_capture2.avi,47,103,G5
Suturing,Suturing_B004,B,/kaggle/input/datasets/anaghabpoojari11/surgbench/Suturing/Suturing/video/Suturing_B004_capture2.avi,104,128,G2
Suturing,Suturing_B004,B,/kaggle/input/datasets/anaghabpoojari11/surgbench/Suturing/Suturing/video/Suturing_B004_capture2.avi,129,696,G3
Suturing,Suturing_B004,B,/kaggle/input/datasets/anaghabpoojari11/surgbench/Suturing/Suturing/video/Suturing_B004_capture2.avi,697,876,G6
Suturing,Suturing_B004,B,/kaggle/input/datasets/anaghabpoojari11/surgbench/Suturing/Suturing/video/Suturing_B004_capture2.avi,877,1015,G4
Suturing,Suturing_B004,B,/kaggle/input/datasets/anaghabpoojari11/surgbench/Suturing/Suturing/video/Suturing_B004_capture2.avi,1016,1417,G2
Suturing,Suturing_B004,B,/kaggle/input/datasets/anaghabpoojari11/surgbench/Suturing/Suturing/video/Suturing_B004_capture2.avi,1418,1603,G6
Suturing,Suturing_B004,B,/kaggle/input/datasets/anaghabpoojari11/surgbench/Suturing/Suturing/video/Suturing_B004_capture2.avi,1604,1722,G4
Suturing,Suturing_B004,B,/kaggle/input/datasets/anaghabpoojari11/surgbench/Suturing/Suturing/video/Suturing_B004_capture2.avi,1723,1799,G2
Suturing,Suturing_B004,B,/kaggle/input/datasets/anaghabpoojari11/surgbench/Suturing/Suturing/video/Suturing_B004_capture2.avi,1800,2186,G3
Suturing,Suturing_B004,B,/kaggle/input/datasets/anaghabpoojari11/surgbench/Suturing/Suturing/video/Suturing_B004_capture2.avi,2187,2326,G6
Suturing,Suturing_B004,B,/kaggle/input/datasets/anaghabpoojari11/surgbench/Suturing/Suturing/video/Suturing_B004_capture2.avi,2327,2429,G4
Suturing,Suturing_B004,B,/kaggle/input/datasets/anaghabpoojari11/surgbench/Suturing/Suturing/video/Suturing_B004_capture2.avi,2430,2564,G8
Suturing,Suturing_B004,B,/kaggle/input/datasets/anaghabpoojari11/surgbench/Suturing/Suturing/video/Suturing_B004_capture2.avi,2565,2860,G2
Suturing,Suturing_B004,B,/kaggle/input/datasets/anaghabpoojari11/surgbench/Suturing/Suturing/video/Suturing_B004_capture2.avi,2861,3069,G6
Suturing,Suturing_B004,B,/kaggle/input/datasets/anaghabpoojari11/surgbench/Suturing/Suturing/video/Suturing_B004_capture2.avi,3070,3257,G11
Suturing,Suturing_D004,D,/kaggle/input/datasets/anaghabpoojari11/surgbench/Suturing/Suturing/video/Suturing_D004_capture2.avi,41,98,G1
Suturing,Suturing_D004,D,/kaggle/input/datasets/anaghabpoojari11/surgbench/Suturing/Suturing/video/Suturing_D004_capture2.avi,99,190,G4
Suturing,Suturing_D004,D,/kaggle/input/datasets/anaghabpoojari11/surgbench/Suturing/Suturing/video/Suturing_D004_capture2.avi,191,275,G8
Suturing,Suturing_D004,D,/kaggle/input/datasets/anaghabpoojari11/surgbench/Suturing/Suturing/video/Suturing_D004_capture2.avi,276,326,G2
Suturing,Suturing_D004,D,/kaggle/input/datasets/anaghabpoojari11/surgbench/Suturing/Suturing/video/Suturing_D004_capture2.avi,327,477,G3
Suturing,Suturing_D004,D,/kaggle/input/datasets/anaghabpoojari11/surgbench/Suturing/Suturing/video/Suturing_D004_capture2.avi,478,541,G6
Suturing,Suturing_D004,D,/kaggle/input/datasets/anaghabpoojari11/surgbench/Suturing/Suturing/video/Suturing_D004_capture2.avi,542,655,G9
Suturing,Suturing_D004,D,/kaggle/input/datasets/anaghabpoojari11/surgbench/Suturing/Suturing/video/Suturing_D004_capture2.avi,656,736,G4
Suturing,Suturing_D004,D,/kaggle/input/datasets/anaghabpoojari11/surgbench/Suturing/Suturing/video/Suturing_D004_capture2.avi,737,780,G2
Suturing,Suturing_D004,D,/kaggle/input/datasets/anaghabpoojari11/surgbench/Suturing/Suturing/video/Suturing_D004_capture2.avi,781,910,G3
Suturing,Suturing_D004,D,/kaggle/input/datasets/anaghabpoojari11/surgbench/Suturing/Suturing/video/Suturing_D004_capture2.avi,911,1020,G6
Suturing,Suturing_D004,D,/kaggle/input/datasets/anaghabpoojari11/surgbench/Suturing/Suturing/video/Suturing_D004_capture2.avi,1021,1153,G9
Suturing,Suturing_D004,D,/kaggle/input/datasets/anaghabpoojari11/surgbench/Suturing/Suturing/video/Suturing_D004_capture2.avi,1154,1353,G6
Suturing,Suturing_D004,D,/kaggle/input/datasets/anaghabpoojari11/surgbench/Suturing/Suturing/video/Suturing_D004_capture2.avi,1354,1408,G2
Suturing,Suturing_D004,D,/kaggle/input/datasets/anaghabpoojari11/surgbench/Suturing/Suturing/video/Suturing_D004_capture2.avi,1409,1592,G3
Suturing,Suturing_D004,D,/kaggle/input/datasets/anaghabpoojari11/surgbench/Suturing/Suturing/video/Suturing_D004_capture2.avi,1593,1729,G6
Suturing,Suturing_D004,D,/kaggle/input/datasets/anaghabpoojari11/surgbench/Suturing/Suturing/video/Suturing_D004_capture2.avi,1730,2039,G9
Suturing,Suturing_D004,D,/kaggle/input/datasets/anaghabpoojari11/surgbench/Suturing/Suturing/video/Suturing_D004_capture2.avi,2040,2154,G4
Suturing,Suturing_D004,D,/kaggle/input/datasets/anaghabpoojari11/surgbench/Suturing/Suturing/video/Suturing_D004_capture2.avi,2155,2254,G2
Suturing,Suturing_D004,D,/kaggle/input/datasets/anaghabpoojari11/surgbench/Suturing/Suturing/video/Suturing_D004_capture2.avi,2255,2451,G3
Suturing,Suturing_D004,D,/kaggle/input/datasets/anaghabpoojari11/surgbench/Suturing/Suturing/video/Suturing_D004_capture2.avi,2452,2509,G6
Suturing,Suturing_D004,D,/kaggle/input/datasets/anaghabpoojari11/surgbench/Suturing/Suturing/video/Suturing_D004_capture2.avi,2510,2555,G9
Suturing,Suturing_D004,D,/kaggle/input/datasets/anaghabpoojari11/surgbench/Suturing/Suturing/video/Suturing_D004_capture2.avi,2556,2682,G11
Knot_Tying,Knot_Tying_F005,F,/kaggle/input/datasets/anaghabpoojari11/surgbench/Knot_Tying/Knot_Tying/video/Knot_Tying_F005_capture2.avi,13,185,G1
Knot_Tying,Knot_Tying_F005,F,/kaggle/input/datasets/anaghabpoojari11/surgbench/Knot_Tying/Knot_Tying/video/Knot_Tying_F005_capture2.avi,186,254,G12
Knot_Tying,Knot_Tying_F005,F,/kaggle/input/datasets/anaghabpoojari11/surgbench/Knot_Tying/Knot_Tying/video/Knot_Tying_F005_capture2.avi,255,314,G13
Knot_Tying,Knot_Tying_F005,F,/kaggle/input/datasets/anaghabpoojari11/surgbench/Knot_Tying/Knot_Tying/video/Knot_Tying_F005_capture2.avi,315,392,G14
Knot_Tying,Knot_Tying_F005,F,/kaggle/input/datasets/anaghabpoojari11/surgbench/Knot_Tying/Knot_Tying/video/Knot_Tying_F005_capture2.avi,393,616,G15
Knot_Tying,Knot_Tying_F005,F,/kaggle/input/datasets/anaghabpoojari11/surgbench/Knot_Tying/Knot_Tying/video/Knot_Tying_F005_capture2.avi,617,786,G14
Knot_Tying,Knot_Tying_F005,F,/kaggle/input/datasets/anaghabpoojari11/surgbench/Knot_Tying/Knot_Tying/video/Knot_Tying_F005_capture2.avi,787,869,G12
Knot_Tying,Knot_Tying_F005,F,/kaggle/input/datasets/anaghabpoojari11/surgbench/Knot_Tying/Knot_Tying/video/Knot_Tying_F005_capture2.avi,870,920,G13
Knot_Tying,Knot_Tying_F005,F,/kaggle/input/datasets/anaghabpoojari11/surgbench/Knot_Tying/Knot_Tying/video/Knot_Tying_F005_capture2.avi,921,978,G14
Knot_Tying,Knot_Tying_F005,F,/kaggle/input/datasets/anaghabpoojari11/surgbench/Knot_Tying/Knot_Tying/video/Knot_Tying_F005_capture2.avi,979,1247,G15
Knot_Tying,Knot_Tying_F005,F,/kaggle/input/datasets/anaghabpoojari11/surgbench/Knot_Tying/Knot_Tying/video/Knot_Tying_F005_capture2.avi,1248,1300,G11
Knot_Tying,Knot_Tying_F003,F,/kaggle/input/datasets/anaghabpoojari11/surgbench/Knot_Tying/Knot_Tying/video/Knot_Tying_F003_capture2.avi,89,351,G12
Knot_Tying,Knot_Tying_F003,F,/kaggle/input/datasets/anaghabpoojari11/surgbench/Knot_Tying/Knot_Tying/video/Knot_Tying_F003_capture2.avi,352,440,G13
Knot_Tying,Knot_Tying_F003,F,/kaggle/input/datasets/anaghabpoojari11/surgbench/Knot_Tying/Knot_Tying/video/Knot_Tying_F003_capture2.avi,441,1189,G14
Knot_Tying,Knot_Tying_F003,F,/kaggle/input/datasets/anaghabpoojari11/surgbench/Knot_Tying/Knot_Tying/video/Knot_Tying_F003_capture2.avi,1190,1342,G15
Knot_Tying,Knot_Tying_F003,F,/kaggle/input/datasets/anaghabpoojari11/surgbench/Knot_Tying/Knot_Tying/video/Knot_Tying_F003_capture2.avi,1343,1704,G12
Knot_Tying,Knot_Tying_F003,F,/kaggle/input/datasets/anaghabpoojari11/surgbench/Knot_Tying/Knot_Tying/video/Knot_Tying_F003_capture2.avi,1705,1799,G13
Knot_Tying,Knot_Tying_F003,F,/kaggle/input/datasets/anaghabpoojari11/surgbench/Knot_Tying/Knot_Tying/video/Knot_Tying_F003_capture2.avi,1800,2235,G14
Knot_Tying,Knot_Tying_F003,F,/kaggle/input/datasets/anaghabpoojari11/surgbench/Knot_Tying/Knot_Tying/video/Knot_Tying_F003_capture2.avi,2236,2504,G15
Knot_Tying,Knot_Tying_F003,F,/kaggle/input/datasets/anaghabpoojari11/surgbench/Knot_Tying/Knot_Tying/video/Knot_Tying_F003_capture2.avi,2505,2600,G11
Knot_Tying,Knot_Tying_C004,C,/kaggle/input/datasets/anaghabpoojari11/surgbench/Knot_Tying/Knot_Tying/video/Knot_Tying_C004_capture2.avi,40,159,G1
Knot_Tying,Knot_Tying_C004,C,/kaggle/input/datasets/anaghabpoojari11/surgbench/Knot_Tying/Knot_Tying/video/Knot_Tying_C004_capture2.avi,160,265,G12
Knot_Tying,Knot_Tying_C004,C,/kaggle/input/datasets/anaghabpoojari11/surgbench/Knot_Tying/Knot_Tying/video/Knot_Tying_C004_capture2.avi,266,297,G13
Knot_Tying,Knot_Tying_C004,C,/kaggle/input/datasets/anaghabpoojari11/surgbench/Knot_Tying/Knot_Tying/video/Knot_Tying_C004_capture2.avi,298,350,G14
Knot_Tying,Knot_Tying_C004,C,/kaggle/input/datasets/anaghabpoojari11/surgbench/Knot_Tying/Knot_Tying/video/Knot_Tying_C004_capture2.avi,351,521,G15
Knot_Tying,Knot_Tying_C004,C,/kaggle/input/datasets/anaghabpoojari11/surgbench/Knot_Tying/Knot_Tying/video/Knot_Tying_C004_capture2.avi,522,611,G14
Knot_Tying,Knot_Tying_C004,C,/kaggle/input/datasets/anaghabpoojari11/surgbench/Knot_Tying/Knot_Tying/video/Knot_Tying_C004_capture2.avi,612,731,G12
Knot_Tying,Knot_Tying_C004,C,/kaggle/input/datasets/anaghabpoojari11/surgbench/Knot_Tying/Knot_Tying/video/Knot_Tying_C004_capture2.avi,732,871,G13
Knot_Tying,Knot_Tying_C004,C,/kaggle/input/datasets/anaghabpoojari11/surgbench/Knot_Tying/Knot_Tying/video/Knot_Tying_C004_capture2.avi,872,974,G14
Knot_Tying,Knot_Tying_C004,C,/kaggle/input/datasets/anaghabpoojari11/surgbench/Knot_Tying/Knot_Tying/video/Knot_Tying_C004_capture2.avi,975,1189,G15
Knot_Tying,Knot_Tying_C004,C,/kaggle/input/datasets/anaghabpoojari11/surgbench/Knot_Tying/Knot_Tying/video/Knot_Tying_C004_capture2.avi,1190,1300,G11
Knot_Tying,Knot_Tying_G004,G,/kaggle/input/datasets/anaghabpoojari11/surgbench/Knot_Tying/Knot_Tying/video/Knot_Tying_G004_capture2.avi,80,359,G12
Knot_Tying,Knot_Tying_G004,G,/kaggle/input/datasets/anaghabpoojari11/surgbench/Knot_Tying/Knot_Tying/video/Knot_Tying_G004_capture2.avi,360,439,G13
Knot_Tying,Knot_Tying_G004,G,/kaggle/input/datasets/anaghabpoojari11/surgbench/Knot_Tying/Knot_Tying/video/Knot_Tying_G004_capture2.avi,440,1283,G14
Knot_Tying,Knot_Tying_G004,G,/kaggle/input/datasets/anaghabpoojari11/surgbench/Knot_Tying/Knot_Tying/video/Knot_Tying_G004_capture2.avi,1284,1529,G12
Knot_Tying,Knot_Tying_G004,G,/kaggle/input/datasets/anaghabpoojari11/surgbench/Knot_Tying/Knot_Tying/video/Knot_Tying_G004_capture2.avi,1530,1605,G13
Knot_Tying,Knot_Tying_G004,G,/kaggle/input/datasets/anaghabpoojari11/surgbench/Knot_Tying/Knot_Tying/video/Knot_Tying_G004_capture2.avi,1606,1683,G14
Knot_Tying,Knot_Tying_G004,G,/kaggle/input/datasets/anaghabpoojari11/surgbench/Knot_Tying/Knot_Tying/video/Knot_Tying_G004_capture2.avi,1684,2305,G15
Knot_Tying,Knot_Tying_G004,G,/kaggle/input/datasets/anaghabpoojari11/surgbench/Knot_Tying/Knot_Tying/video/Knot_Tying_G004_capture2.avi,2306,2426,G12
Knot_Tying,Knot_Tying_G004,G,/kaggle/input/datasets/anaghabpoojari11/surgbench/Knot_Tying/Knot_Tying/video/Knot_Tying_G004_capture2.avi,2427,2511,G13
Knot_Tying,Knot_Tying_G004,G,/kaggle/input/datasets/anaghabpoojari11/surgbench/Knot_Tying/Knot_Tying/video/Knot_Tying_G004_capture2.avi,2512,2619,G14
Knot_Tying,Knot_Tying_G004,G,/kaggle/input/datasets/anaghabpoojari11/surgbench/Knot_Tying/Knot_Tying/video/Knot_Tying_G004_capture2.avi,2620,3258,G15
Knot_Tying,Knot_Tying_G004,G,/kaggle/input/datasets/anaghabpoojari11/surgbench/Knot_Tying/Knot_Tying/video/Knot_Tying_G004_capture2.avi,3259,3342,G12
Knot_Tying,Knot_Tying_G004,G,/kaggle/input/datasets/anaghabpoojari11/surgbench/Knot_Tying/Knot_Tying/video/Knot_Tying_G004_capture2.avi,3343,3422,G13
Knot_Tying,Knot_Tying_G004,G,/kaggle/input/datasets/anaghabpoojari11/surgbench/Knot_Tying/Knot_Tying/video/Knot_Tying_G004_capture2.avi,3423,3471,G14
Knot_Tying,Knot_Tying_G004,G,/kaggle/input/datasets/anaghabpoojari11/surgbench/Knot_Tying/Knot_Tying/video/Knot_Tying_G004_capture2.avi,3472,3754,G15
Knot_Tying,Knot_Tying_G004,G,/kaggle/input/datasets/anaghabpoojari11/surgbench/Knot_Tying/Knot_Tying/video/Knot_Tying_G004_capture2.avi,3755,3853,G11
Knot_Tying,Knot_Tying_H005,H,/kaggle/input/datasets/anaghabpoojari11/surgbench/Knot_Tying/Knot_Tying/video/Knot_Tying_H005_capture2.avi,1,19,G12
Knot_Tying,Knot_Tying_H005,H,/kaggle/input/datasets/anaghabpoojari11/surgbench/Knot_Tying/Knot_Tying/video/Knot_Tying_H005_capture2.avi,20,100,G13
Knot_Tying,Knot_Tying_H005,H,/kaggle/input/datasets/anaghabpoojari11/surgbench/Knot_Tying/Knot_Tying/video/Knot_Tying_H005_capture2.avi,101,274,G14
Knot_Tying,Knot_Tying_H005,H,/kaggle/input/datasets/anaghabpoojari11/surgbench/Knot_Tying/Knot_Tying/video/Knot_Tying_H005_capture2.avi,275,454,G15
Knot_Tying,Knot_Tying_H005,H,/kaggle/input/datasets/anaghabpoojari11/surgbench/Knot_Tying/Knot_Tying/video/Knot_Tying_H005_capture2.avi,455,608,G14
Knot_Tying,Knot_Tying_H005,H,/kaggle/input/datasets/anaghabpoojari11/surgbench/Knot_Tying/Knot_Tying/video/Knot_Tying_H005_capture2.avi,609,984,G12
Knot_Tying,Knot_Tying_H005,H,/kaggle/input/datasets/anaghabpoojari11/surgbench/Knot_Tying/Knot_Tying/video/Knot_Tying_H005_capture2.avi,985,1081,G13
Knot_Tying,Knot_Tying_H005,H,/kaggle/input/datasets/anaghabpoojari11/surgbench/Knot_Tying/Knot_Tying/video/Knot_Tying_H005_capture2.avi,1082,1174,G14
Knot_Tying,Knot_Tying_H005,H,/kaggle/input/datasets/anaghabpoojari11/surgbench/Knot_Tying/Knot_Tying/video/Knot_Tying_H005_capture2.avi,1175,1376,G15
Knot_Tying,Knot_Tying_H005,H,/kaggle/input/datasets/anaghabpoojari11/surgbench/Knot_Tying/Knot_Tying/video/Knot_Tying_H005_capture2.avi,1377,1460,G11
Knot_Tying,Knot_Tying_E003,E,/kaggle/input/datasets/anaghabpoojari11/surgbench/Knot_Tying/Knot_Tying/video/Knot_Tying_E003_capture2.avi,163,242,G1
Knot_Tying,Knot_Tying_E003,E,/kaggle/input/datasets/anaghabpoojari11/surgbench/Knot_Tying/Knot_Tying/video/Knot_Tying_E003_capture2.avi,243,399,G12
Knot_Tying,Knot_Tying_E003,E,/kaggle/input/datasets/anaghabpoojari11/surgbench/Knot_Tying/Knot_Tying/video/Knot_Tying_E003_capture2.avi,400,503,G13
Knot_Tying,Knot_Tying_E003,E,/kaggle/input/datasets/anaghabpoojari11/surgbench/Knot_Tying/Knot_Tying/video/Knot_Tying_E003_capture2.avi,504,571,G14
Knot_Tying,Knot_Tying_E003,E,/kaggle/input/datasets/anaghabpoojari11/surgbench/Knot_Tying/Knot_Tying/video/Knot_Tying_E003_capture2.avi,572,751,G15
Knot_Tying,Knot_Tying_E003,E,/kaggle/input/datasets/anaghabpoojari11/surgbench/Knot_Tying/Knot_Tying/video/Knot_Tying_E003_capture2.avi,752,883,G14
Knot_Tying,Knot_Tying_E003,E,/kaggle/input/datasets/anaghabpoojari11/surgbench/Knot_Tying/Knot_Tying/video/Knot_Tying_E003_capture2.avi,884,975,G12
Knot_Tying,Knot_Tying_E003,E,/kaggle/input/datasets/anaghabpoojari11/surgbench/Knot_Tying/Knot_Tying/video/Knot_Tying_E003_capture2.avi,976,1054,G13
Knot_Tying,Knot_Tying_E003,E,/kaggle/input/datasets/anaghabpoojari11/surgbench/Knot_Tying/Knot_Tying/video/Knot_Tying_E003_capture2.avi,1055,1101,G14
Knot_Tying,Knot_Tying_E003,E,/kaggle/input/datasets/anaghabpoojari11/surgbench/Knot_Tying/Knot_Tying/video/Knot_Tying_E003_capture2.avi,1102,1249,G15
Knot_Tying,Knot_Tying_E003,E,/kaggle/input/datasets/anaghabpoojari11/surgbench/Knot_Tying/Knot_Tying/video/Knot_Tying_E003_capture2.avi,1250,1360,G11
Knot_Tying,Knot_Tying_G001,G,/kaggle/input/datasets/anaghabpoojari11/surgbench/Knot_Tying/Knot_Tying/video/Knot_Tying_G001_capture2.avi,182,245,G15
Knot_Tying,Knot_Tying_G001,G,/kaggle/input/datasets/anaghabpoojari11/surgbench/Knot_Tying/Knot_Tying/video/Knot_Tying_G001_capture2.avi,246,523,G12
Knot_Tying,Knot_Tying_G001,G,/kaggle/input/datasets/anaghabpoojari11/surgbench/Knot_Tying/Knot_Tying/video/Knot_Tying_G001_capture2.avi,524,608,G13
Knot_Tying,Knot_Tying_G001,G,/kaggle/input/datasets/anaghabpoojari11/surgbench/Knot_Tying/Knot_Tying/video/Knot_Tying_G001_capture2.avi,609,654,G14
Knot_Tying,Knot_Tying_G001,G,/kaggle/input/datasets/anaghabpoojari11/surgbench/Knot_Tying/Knot_Tying/video/Knot_Tying_G001_capture2.avi,655,1302,G15
Knot_Tying,Knot_Tying_G001,G,/kaggle/input/datasets/anaghabpoojari11/surgbench/Knot_Tying/Knot_Tying/video/Knot_Tying_G001_capture2.avi,1303,1419,G12
Knot_Tying,Knot_Tying_G001,G,/kaggle/input/datasets/anaghabpoojari11/surgbench/Knot_Tying/Knot_Tying/video/Knot_Tying_G001_capture2.avi,1420,1520,G13
Knot_Tying,Knot_Tying_G001,G,/kaggle/input/datasets/anaghabpoojari11/surgbench/Knot_Tying/Knot_Tying/video/Knot_Tying_G001_capture2.avi,1521,1567,G14
Knot_Tying,Knot_Tying_G001,G,/kaggle/input/datasets/anaghabpoojari11/surgbench/Knot_Tying/Knot_Tying/video/Knot_Tying_G001_capture2.avi,1568,2218,G15
Knot_Tying,Knot_Tying_G001,G,/kaggle/input/datasets/anaghabpoojari11/surgbench/Knot_Tying/Knot_Tying/video/Knot_Tying_G001_capture2.avi,2219,2310,G11
Knot_Tying,Knot_Tying_B003,B,/kaggle/input/datasets/anaghabpoojari11/surgbench/Knot_Tying/Knot_Tying/video/Knot_Tying_B003_capture2.avi,8,132,G12
Knot_Tying,Knot_Tying_B003,B,/kaggle/input/datasets/anaghabpoojari11/surgbench/Knot_Tying/Knot_Tying/video/Knot_Tying_B003_capture2.avi,133,230,G13
Knot_Tying,Knot_Tying_B003,B,/kaggle/input/datasets/anaghabpoojari11/surgbench/Knot_Tying/Knot_Tying/video/Knot_Tying_B003_capture2.avi,231,313,G14
Knot_Tying,Knot_Tying_B003,B,/kaggle/input/datasets/anaghabpoojari11/surgbench/Knot_Tying/Knot_Tying/video/Knot_Tying_B003_capture2.avi,314,743,G15
Knot_Tying,Knot_Tying_B003,B,/kaggle/input/datasets/anaghabpoojari11/surgbench/Knot_Tying/Knot_Tying/video/Knot_Tying_B003_capture2.avi,744,843,G12
Knot_Tying,Knot_Tying_B003,B,/kaggle/input/datasets/anaghabpoojari11/surgbench/Knot_Tying/Knot_Tying/video/Knot_Tying_B003_capture2.avi,844,954,G13
Knot_Tying,Knot_Tying_B003,B,/kaggle/input/datasets/anaghabpoojari11/surgbench/Knot_Tying/Knot_Tying/video/Knot_Tying_B003_capture2.avi,955,1107,G14
Knot_Tying,Knot_Tying_B003,B,/kaggle/input/datasets/anaghabpoojari11/surgbench/Knot_Tying/Knot_Tying/video/Knot_Tying_B003_capture2.avi,1108,1286,G15
Knot_Tying,Knot_Tying_B003,B,/kaggle/input/datasets/anaghabpoojari11/surgbench/Knot_Tying/Knot_Tying/video/Knot_Tying_B003_capture2.avi,1287,1355,G11
Knot_Tying,Knot_Tying_F001,F,/kaggle/input/datasets/anaghabpoojari11/surgbench/Knot_Tying/Knot_Tying/video/Knot_Tying_F001_capture2.avi,1,34,G12
Knot_Tying,Knot_Tying_F001,F,/kaggle/input/datasets/anaghabpoojari11/surgbench/Knot_Tying/Knot_Tying/video/Knot_Tying_F001_capture2.avi,35,86,G13
Knot_Tying,Knot_Tying_F001,F,/kaggle/input/datasets/anaghabpoojari11/surgbench/Knot_Tying/Knot_Tying/video/Knot_Tying_F001_capture2.avi,87,133,G14
Knot_Tying,Knot_Tying_F001,F,/kaggle/input/datasets/anaghabpoojari11/surgbench/Knot_Tying/Knot_Tying/video/Knot_Tying_F001_capture2.avi,134,354,G15
Knot_Tying,Knot_Tying_F001,F,/kaggle/input/datasets/anaghabpoojari11/surgbench/Knot_Tying/Knot_Tying/video/Knot_Tying_F001_capture2.avi,355,415,G14
Knot_Tying,Knot_Tying_F001,F,/kaggle/input/datasets/anaghabpoojari11/surgbench/Knot_Tying/Knot_Tying/video/Knot_Tying_F001_capture2.avi,416,477,G12
Knot_Tying,Knot_Tying_F001,F,/kaggle/input/datasets/anaghabpoojari11/surgbench/Knot_Tying/Knot_Tying/video/Knot_Tying_F001_capture2.avi,478,591,G13
Knot_Tying,Knot_Tying_F001,F,/kaggle/input/datasets/anaghabpoojari11/surgbench/Knot_Tying/Knot_Tying/video/Knot_Tying_F001_capture2.avi,592,709,G14
Knot_Tying,Knot_Tying_F001,F,/kaggle/input/datasets/anaghabpoojari11/surgbench/Knot_Tying/Knot_Tying/video/Knot_Tying_F001_capture2.avi,710,841,G15
Knot_Tying,Knot_Tying_F001,F,/kaggle/input/datasets/anaghabpoojari11/surgbench/Knot_Tying/Knot_Tying/video/Knot_Tying_F001_capture2.avi,842,896,G11
Knot_Tying,Knot_Tying_I001,I,/kaggle/input/datasets/anaghabpoojari11/surgbench/Knot_Tying/Knot_Tying/video/Knot_Tying_I001_capture2.avi,20,94,G1
Knot_Tying,Knot_Tying_I001,I,/kaggle/input/datasets/anaghabpoojari11/surgbench/Knot_Tying/Knot_Tying/video/Knot_Tying_I001_capture2.avi,95,248,G12
Knot_Tying,Knot_Tying_I001,I,/kaggle/input/datasets/anaghabpoojari11/surgbench/Knot_Tying/Knot_Tying/video/Knot_Tying_I001_capture2.avi,249,441,G13
Knot_Tying,Knot_Tying_I001,I,/kaggle/input/datasets/anaghabpoojari11/surgbench/Knot_Tying/Knot_Tying/video/Knot_Tying_I001_capture2.avi,442,1270,G14
Knot_Tying,Knot_Tying_I001,I,/kaggle/input/datasets/anaghabpoojari11/surgbench/Knot_Tying/Knot_Tying/video/Knot_Tying_I001_capture2.avi,1271,1449,G15
Knot_Tying,Knot_Tying_I001,I,/kaggle/input/datasets/anaghabpoojari11/surgbench/Knot_Tying/Knot_Tying/video/Knot_Tying_I001_capture2.avi,1450,1524,G14
Knot_Tying,Knot_Tying_I001,I,/kaggle/input/datasets/anaghabpoojari11/surgbench/Knot_Tying/Knot_Tying/video/Knot_Tying_I001_capture2.avi,1525,1699,G12
Knot_Tying,Knot_Tying_I001,I,/kaggle/input/datasets/anaghabpoojari11/surgbench/Knot_Tying/Knot_Tying/video/Knot_Tying_I001_capture2.avi,1700,1852,G13
Knot_Tying,Knot_Tying_I001,I,/kaggle/input/datasets/anaghabpoojari11/surgbench/Knot_Tying/Knot_Tying/video/Knot_Tying_I001_capture2.avi,1853,1947,G14
Knot_Tying,Knot_Tying_I001,I,/kaggle/input/datasets/anaghabpoojari11/surgbench/Knot_Tying/Knot_Tying/video/Knot_Tying_I001_capture2.avi,1948,2085,G15
Knot_Tying,Knot_Tying_I001,I,/kaggle/input/datasets/anaghabpoojari11/surgbench/Knot_Tying/Knot_Tying/video/Knot_Tying_I001_capture2.avi,2086,2245,G11
Knot_Tying,Knot_Tying_D001,D,/kaggle/input/datasets/anaghabpoojari11/surgbench/Knot_Tying/Knot_Tying/video/Knot_Tying_D001_capture2.avi,41,170,G1
Knot_Tying,Knot_Tying_D001,D,/kaggle/input/datasets/anaghabpoojari11/surgbench/Knot_Tying/Knot_Tying/video/Knot_Tying_D001_capture2.avi,171,237,G12
Knot_Tying,Knot_Tying_D001,D,/kaggle/input/datasets/anaghabpoojari11/surgbench/Knot_Tying/Knot_Tying/video/Knot_Tying_D001_capture2.avi,238,310,G13
Knot_Tying,Knot_Tying_D001,D,/kaggle/input/datasets/anaghabpoojari11/surgbench/Knot_Tying/Knot_Tying/video/Knot_Tying_D001_capture2.avi,311,624,G14
Knot_Tying,Knot_Tying_D001,D,/kaggle/input/datasets/anaghabpoojari11/surgbench/Knot_Tying/Knot_Tying/video/Knot_Tying_D001_capture2.avi,625,734,G15
Knot_Tying,Knot_Tying_D001,D,/kaggle/input/datasets/anaghabpoojari11/surgbench/Knot_Tying/Knot_Tying/video/Knot_Tying_D001_capture2.avi,735,831,G14
Knot_Tying,Knot_Tying_D001,D,/kaggle/input/datasets/anaghabpoojari11/surgbench/Knot_Tying/Knot_Tying/video/Knot_Tying_D001_capture2.avi,832,989,G12
Knot_Tying,Knot_Tying_D001,D,/kaggle/input/datasets/anaghabpoojari11/surgbench/Knot_Tying/Knot_Tying/video/Knot_Tying_D001_capture2.avi,990,1120,G13
Knot_Tying,Knot_Tying_D001,D,/kaggle/input/datasets/anaghabpoojari11/surgbench/Knot_Tying/Knot_Tying/video/Knot_Tying_D001_capture2.avi,1121,1174,G14
Knot_Tying,Knot_Tying_D001,D,/kaggle/input/datasets/anaghabpoojari11/surgbench/Knot_Tying/Knot_Tying/video/Knot_Tying_D001_capture2.avi,1175,1276,G15
Knot_Tying,Knot_Tying_D001,D,/kaggle/input/datasets/anaghabpoojari11/surgbench/Knot_Tying/Knot_Tying/video/Knot_Tying_D001_capture2.avi,1277,1348,G11
Knot_Tying,Knot_Tying_E004,E,/kaggle/input/datasets/anaghabpoojari11/surgbench/Knot_Tying/Knot_Tying/video/Knot_Tying_E004_capture2.avi,60,123,G1
Knot_Tying,Knot_Tying_E004,E,/kaggle/input/datasets/anaghabpoojari11/surgbench/Knot_Tying/Knot_Tying/video/Knot_Tying_E004_capture2.avi,124,265,G12
Knot_Tying,Knot_Tying_E004,E,/kaggle/input/datasets/anaghabpoojari11/surgbench/Knot_Tying/Knot_Tying/video/Knot_Tying_E004_capture2.avi,266,361,G13
Knot_Tying,Knot_Tying_E004,E,/kaggle/input/datasets/anaghabpoojari11/surgbench/Knot_Tying/Knot_Tying/video/Knot_Tying_E004_capture2.avi,362,429,G14
Knot_Tying,Knot_Tying_E004,E,/kaggle/input/datasets/anaghabpoojari11/surgbench/Knot_Tying/Knot_Tying/video/Knot_Tying_E004_capture2.avi,430,640,G15
Knot_Tying,Knot_Tying_E004,E,/kaggle/input/datasets/anaghabpoojari11/surgbench/Knot_Tying/Knot_Tying/video/Knot_Tying_E004_capture2.avi,641,785,G14
Knot_Tying,Knot_Tying_E004,E,/kaggle/input/datasets/anaghabpoojari11/surgbench/Knot_Tying/Knot_Tying/video/Knot_Tying_E004_capture2.avi,786,933,G12
Knot_Tying,Knot_Tying_E004,E,/kaggle/input/datasets/anaghabpoojari11/surgbench/Knot_Tying/Knot_Tying/video/Knot_Tying_E004_capture2.avi,934,1018,G13
Knot_Tying,Knot_Tying_E004,E,/kaggle/input/datasets/anaghabpoojari11/surgbench/Knot_Tying/Knot_Tying/video/Knot_Tying_E004_capture2.avi,1019,1093,G14
Knot_Tying,Knot_Tying_E004,E,/kaggle/input/datasets/anaghabpoojari11/surgbench/Knot_Tying/Knot_Tying/video/Knot_Tying_E004_capture2.avi,1094,1265,G15
Knot_Tying,Knot_Tying_E004,E,/kaggle/input/datasets/anaghabpoojari11/surgbench/Knot_Tying/Knot_Tying/video/Knot_Tying_E004_capture2.avi,1266,1363,G11
Knot_Tying,Knot_Tying_D003,D,/kaggle/input/datasets/anaghabpoojari11/surgbench/Knot_Tying/Knot_Tying/video/Knot_Tying_D003_capture2.avi,25,93,G1
Knot_Tying,Knot_Tying_D003,D,/kaggle/input/datasets/anaghabpoojari11/surgbench/Knot_Tying/Knot_Tying/video/Knot_Tying_D003_capture2.avi,94,211,G12
Knot_Tying,Knot_Tying_D003,D,/kaggle/input/datasets/anaghabpoojari11/surgbench/Knot_Tying/Knot_Tying/video/Knot_Tying_D003_capture2.avi,212,300,G13
Knot_Tying,Knot_Tying_D003,D,/kaggle/input/datasets/anaghabpoojari11/surgbench/Knot_Tying/Knot_Tying/video/Knot_Tying_D003_capture2.avi,301,359,G14
Knot_Tying,Knot_Tying_D003,D,/kaggle/input/datasets/anaghabpoojari11/surgbench/Knot_Tying/Knot_Tying/video/Knot_Tying_D003_capture2.avi,360,479,G15
Knot_Tying,Knot_Tying_D003,D,/kaggle/input/datasets/anaghabpoojari11/surgbench/Knot_Tying/Knot_Tying/video/Knot_Tying_D003_capture2.avi,480,551,G14
Knot_Tying,Knot_Tying_D003,D,/kaggle/input/datasets/anaghabpoojari11/surgbench/Knot_Tying/Knot_Tying/video/Knot_Tying_D003_capture2.avi,552,729,G12
Knot_Tying,Knot_Tying_D003,D,/kaggle/input/datasets/anaghabpoojari11/surgbench/Knot_Tying/Knot_Tying/video/Knot_Tying_D003_capture2.avi,730,1012,G13
Knot_Tying,Knot_Tying_D003,D,/kaggle/input/datasets/anaghabpoojari11/surgbench/Knot_Tying/Knot_Tying/video/Knot_Tying_D003_capture2.avi,1013,1060,G14
Knot_Tying,Knot_Tying_D003,D,/kaggle/input/datasets/anaghabpoojari11/surgbench/Knot_Tying/Knot_Tying/video/Knot_Tying_D003_capture2.avi,1061,1151,G15
Knot_Tying,Knot_Tying_D003,D,/kaggle/input/datasets/anaghabpoojari11/surgbench/Knot_Tying/Knot_Tying/video/Knot_Tying_D003_capture2.avi,1152,1220,G11
Knot_Tying,Knot_Tying_C003,C,/kaggle/input/datasets/anaghabpoojari11/surgbench/Knot_Tying/Knot_Tying/video/Knot_Tying_C003_capture2.avi,1,61,G1
Knot_Tying,Knot_Tying_C003,C,/kaggle/input/datasets/anaghabpoojari11/surgbench/Knot_Tying/Knot_Tying/video/Knot_Tying_C003_capture2.avi,62,185,G12
Knot_Tying,Knot_Tying_C003,C,/kaggle/input/datasets/anaghabpoojari11/surgbench/Knot_Tying/Knot_Tying/video/Knot_Tying_C003_capture2.avi,186,221,G13
Knot_Tying,Knot_Tying_C003,C,/kaggle/input/datasets/anaghabpoojari11/surgbench/Knot_Tying/Knot_Tying/video/Knot_Tying_C003_capture2.avi,222,270,G14
Knot_Tying,Knot_Tying_C003,C,/kaggle/input/datasets/anaghabpoojari11/surgbench/Knot_Tying/Knot_Tying/video/Knot_Tying_C003_capture2.avi,271,440,G15
Knot_Tying,Knot_Tying_C003,C,/kaggle/input/datasets/anaghabpoojari11/surgbench/Knot_Tying/Knot_Tying/video/Knot_Tying_C003_capture2.avi,441,516,G14
Knot_Tying,Knot_Tying_C003,C,/kaggle/input/datasets/anaghabpoojari11/surgbench/Knot_Tying/Knot_Tying/video/Knot_Tying_C003_capture2.avi,517,638,G12
Knot_Tying,Knot_Tying_C003,C,/kaggle/input/datasets/anaghabpoojari11/surgbench/Knot_Tying/Knot_Tying/video/Knot_Tying_C003_capture2.avi,639,676,G13
Knot_Tying,Knot_Tying_C003,C,/kaggle/input/datasets/anaghabpoojari11/surgbench/Knot_Tying/Knot_Tying/video/Knot_Tying_C003_capture2.avi,677,734,G14
Knot_Tying,Knot_Tying_C003,C,/kaggle/input/datasets/anaghabpoojari11/surgbench/Knot_Tying/Knot_Tying/video/Knot_Tying_C003_capture2.avi,735,943,G15
Knot_Tying,Knot_Tying_C003,C,/kaggle/input/datasets/anaghabpoojari11/surgbench/Knot_Tying/Knot_Tying/video/Knot_Tying_C003_capture2.avi,944,1045,G11
Knot_Tying,Knot_Tying_H004,H,/kaggle/input/datasets/anaghabpoojari11/surgbench/Knot_Tying/Knot_Tying/video/Knot_Tying_H004_capture2.avi,1,40,G1
Knot_Tying,Knot_Tying_H004,H,/kaggle/input/datasets/anaghabpoojari11/surgbench/Knot_Tying/Knot_Tying/video/Knot_Tying_H004_capture2.avi,41,261,G12
Knot_Tying,Knot_Tying_H004,H,/kaggle/input/datasets/anaghabpoojari11/surgbench/Knot_Tying/Knot_Tying/video/Knot_Tying_H004_capture2.avi,262,372,G13
Knot_Tying,Knot_Tying_H004,H,/kaggle/input/datasets/anaghabpoojari11/surgbench/Knot_Tying/Knot_Tying/video/Knot_Tying_H004_capture2.avi,373,458,G14
Knot_Tying,Knot_Tying_H004,H,/kaggle/input/datasets/anaghabpoojari11/surgbench/Knot_Tying/Knot_Tying/video/Knot_Tying_H004_capture2.avi,459,615,G15
Knot_Tying,Knot_Tying_H004,H,/kaggle/input/datasets/anaghabpoojari11/surgbench/Knot_Tying/Knot_Tying/video/Knot_Tying_H004_capture2.avi,616,890,G14
Knot_Tying,Knot_Tying_H004,H,/kaggle/input/datasets/anaghabpoojari11/surgbench/Knot_Tying/Knot_Tying/video/Knot_Tying_H004_capture2.avi,891,971,G13
Knot_Tying,Knot_Tying_H004,H,/kaggle/input/datasets/anaghabpoojari11/surgbench/Knot_Tying/Knot_Tying/video/Knot_Tying_H004_capture2.avi,972,1060,G14
Knot_Tying,Knot_Tying_H004,H,/kaggle/input/datasets/anaghabpoojari11/surgbench/Knot_Tying/Knot_Tying/video/Knot_Tying_H004_capture2.avi,1061,1219,G15
Knot_Tying,Knot_Tying_H004,H,/kaggle/input/datasets/anaghabpoojari11/surgbench/Knot_Tying/Knot_Tying/video/Knot_Tying_H004_capture2.avi,1220,1300,G11
Knot_Tying,Knot_Tying_E001,E,/kaggle/input/datasets/anaghabpoojari11/surgbench/Knot_Tying/Knot_Tying/video/Knot_Tying_E001_capture2.avi,139,369,G12
Knot_Tying,Knot_Tying_E001,E,/kaggle/input/datasets/anaghabpoojari11/surgbench/Knot_Tying/Knot_Tying/video/Knot_Tying_E001_capture2.avi,370,520,G13
Knot_Tying,Knot_Tying_E001,E,/kaggle/input/datasets/anaghabpoojari11/surgbench/Knot_Tying/Knot_Tying/video/Knot_Tying_E001_capture2.avi,521,589,G14
Knot_Tying,Knot_Tying_E001,E,/kaggle/input/datasets/anaghabpoojari11/surgbench/Knot_Tying/Knot_Tying/video/Knot_Tying_E001_capture2.avi,590,732,G15
Knot_Tying,Knot_Tying_E001,E,/kaggle/input/datasets/anaghabpoojari11/surgbench/Knot_Tying/Knot_Tying/video/Knot_Tying_E001_capture2.avi,733,841,G14
Knot_Tying,Knot_Tying_E001,E,/kaggle/input/datasets/anaghabpoojari11/surgbench/Knot_Tying/Knot_Tying/video/Knot_Tying_E001_capture2.avi,842,955,G12
Knot_Tying,Knot_Tying_E001,E,/kaggle/input/datasets/anaghabpoojari11/surgbench/Knot_Tying/Knot_Tying/video/Knot_Tying_E001_capture2.avi,956,1027,G13
Knot_Tying,Knot_Tying_E001,E,/kaggle/input/datasets/anaghabpoojari11/surgbench/Knot_Tying/Knot_Tying/video/Knot_Tying_E001_capture2.avi,1028,1104,G14
Knot_Tying,Knot_Tying_E001,E,/kaggle/input/datasets/anaghabpoojari11/surgbench/Knot_Tying/Knot_Tying/video/Knot_Tying_E001_capture2.avi,1105,1434,G15
Knot_Tying,Knot_Tying_E001,E,/kaggle/input/datasets/anaghabpoojari11/surgbench/Knot_Tying/Knot_Tying/video/Knot_Tying_E001_capture2.avi,1435,1550,G11
Knot_Tying,Knot_Tying_H003,H,/kaggle/input/datasets/anaghabpoojari11/surgbench/Knot_Tying/Knot_Tying/video/Knot_Tying_H003_capture2.avi,193,339,G13
Knot_Tying,Knot_Tying_H003,H,/kaggle/input/datasets/anaghabpoojari11/surgbench/Knot_Tying/Knot_Tying/video/Knot_Tying_H003_capture2.avi,340,670,G14
Knot_Tying,Knot_Tying_H003,H,/kaggle/input/datasets/anaghabpoojari11/surgbench/Knot_Tying/Knot_Tying/video/Knot_Tying_H003_capture2.avi,671,861,G15
Knot_Tying,Knot_Tying_H003,H,/kaggle/input/datasets/anaghabpoojari11/surgbench/Knot_Tying/Knot_Tying/video/Knot_Tying_H003_capture2.avi,862,1057,G14
Knot_Tying,Knot_Tying_H003,H,/kaggle/input/datasets/anaghabpoojari11/surgbench/Knot_Tying/Knot_Tying/video/Knot_Tying_H003_capture2.avi,1058,1148,G13
Knot_Tying,Knot_Tying_H003,H,/kaggle/input/datasets/anaghabpoojari11/surgbench/Knot_Tying/Knot_Tying/video/Knot_Tying_H003_capture2.avi,1149,1305,G14
Knot_Tying,Knot_Tying_H003,H,/kaggle/input/datasets/anaghabpoojari11/surgbench/Knot_Tying/Knot_Tying/video/Knot_Tying_H003_capture2.avi,1306,1469,G15
Knot_Tying,Knot_Tying_H003,H,/kaggle/input/datasets/anaghabpoojari11/surgbench/Knot_Tying/Knot_Tying/video/Knot_Tying_H003_capture2.avi,1470,1570,G11
Knot_Tying,Knot_Tying_C002,C,/kaggle/input/datasets/anaghabpoojari11/surgbench/Knot_Tying/Knot_Tying/video/Knot_Tying_C002_capture2.avi,28,82,G1
Knot_Tying,Knot_Tying_C002,C,/kaggle/input/datasets/anaghabpoojari11/surgbench/Knot_Tying/Knot_Tying/video/Knot_Tying_C002_capture2.avi,83,183,G12
Knot_Tying,Knot_Tying_C002,C,/kaggle/input/datasets/anaghabpoojari11/surgbench/Knot_Tying/Knot_Tying/video/Knot_Tying_C002_capture2.avi,184,211,G13
Knot_Tying,Knot_Tying_C002,C,/kaggle/input/datasets/anaghabpoojari11/surgbench/Knot_Tying/Knot_Tying/video/Knot_Tying_C002_capture2.avi,212,259,G14
Knot_Tying,Knot_Tying_C002,C,/kaggle/input/datasets/anaghabpoojari11/surgbench/Knot_Tying/Knot_Tying/video/Knot_Tying_C002_capture2.avi,260,384,G15
Knot_Tying,Knot_Tying_C002,C,/kaggle/input/datasets/anaghabpoojari11/surgbench/Knot_Tying/Knot_Tying/video/Knot_Tying_C002_capture2.avi,385,633,G12
Knot_Tying,Knot_Tying_C002,C,/kaggle/input/datasets/anaghabpoojari11/surgbench/Knot_Tying/Knot_Tying/video/Knot_Tying_C002_capture2.avi,634,676,G13
Knot_Tying,Knot_Tying_C002,C,/kaggle/input/datasets/anaghabpoojari11/surgbench/Knot_Tying/Knot_Tying/video/Knot_Tying_C002_capture2.avi,677,736,G14
Knot_Tying,Knot_Tying_C002,C,/kaggle/input/datasets/anaghabpoojari11/surgbench/Knot_Tying/Knot_Tying/video/Knot_Tying_C002_capture2.avi,737,849,G15
Knot_Tying,Knot_Tying_C002,C,/kaggle/input/datasets/anaghabpoojari11/surgbench/Knot_Tying/Knot_Tying/video/Knot_Tying_C002_capture2.avi,850,1000,G11
Knot_Tying,Knot_Tying_E002,E,/kaggle/input/datasets/anaghabpoojari11/surgbench/Knot_Tying/Knot_Tying/video/Knot_Tying_E002_capture2.avi,40,135,G1
Knot_Tying,Knot_Tying_E002,E,/kaggle/input/datasets/anaghabpoojari11/surgbench/Knot_Tying/Knot_Tying/video/Knot_Tying_E002_capture2.avi,136,270,G12
Knot_Tying,Knot_Tying_E002,E,/kaggle/input/datasets/anaghabpoojari11/surgbench/Knot_Tying/Knot_Tying/video/Knot_Tying_E002_capture2.avi,271,368,G13
Knot_Tying,Knot_Tying_E002,E,/kaggle/input/datasets/anaghabpoojari11/surgbench/Knot_Tying/Knot_Tying/video/Knot_Tying_E002_capture2.avi,369,434,G14
Knot_Tying,Knot_Tying_E002,E,/kaggle/input/datasets/anaghabpoojari11/surgbench/Knot_Tying/Knot_Tying/video/Knot_Tying_E002_capture2.avi,435,614,G15
Knot_Tying,Knot_Tying_E002,E,/kaggle/input/datasets/anaghabpoojari11/surgbench/Knot_Tying/Knot_Tying/video/Knot_Tying_E002_capture2.avi,615,717,G14
Knot_Tying,Knot_Tying_E002,E,/kaggle/input/datasets/anaghabpoojari11/surgbench/Knot_Tying/Knot_Tying/video/Knot_Tying_E002_capture2.avi,718,844,G12
Knot_Tying,Knot_Tying_E002,E,/kaggle/input/datasets/anaghabpoojari11/surgbench/Knot_Tying/Knot_Tying/video/Knot_Tying_E002_capture2.avi,845,956,G13
Knot_Tying,Knot_Tying_E002,E,/kaggle/input/datasets/anaghabpoojari11/surgbench/Knot_Tying/Knot_Tying/video/Knot_Tying_E002_capture2.avi,957,1010,G14
Knot_Tying,Knot_Tying_E002,E,/kaggle/input/datasets/anaghabpoojari11/surgbench/Knot_Tying/Knot_Tying/video/Knot_Tying_E002_capture2.avi,1011,1157,G15
Knot_Tying,Knot_Tying_E002,E,/kaggle/input/datasets/anaghabpoojari11/surgbench/Knot_Tying/Knot_Tying/video/Knot_Tying_E002_capture2.avi,1158,1257,G11
Knot_Tying,Knot_Tying_B001,B,/kaggle/input/datasets/anaghabpoojari11/surgbench/Knot_Tying/Knot_Tying/video/Knot_Tying_B001_capture2.avi,45,85,G12
Knot_Tying,Knot_Tying_B001,B,/kaggle/input/datasets/anaghabpoojari11/surgbench/Knot_Tying/Knot_Tying/video/Knot_Tying_B001_capture2.avi,86,185,G13
Knot_Tying,Knot_Tying_B001,B,/kaggle/input/datasets/anaghabpoojari11/surgbench/Knot_Tying/Knot_Tying/video/Knot_Tying_B001_capture2.avi,186,291,G13
Knot_Tying,Knot_Tying_B001,B,/kaggle/input/datasets/anaghabpoojari11/surgbench/Knot_Tying/Knot_Tying/video/Knot_Tying_B001_capture2.avi,292,369,G14
Knot_Tying,Knot_Tying_B001,B,/kaggle/input/datasets/anaghabpoojari11/surgbench/Knot_Tying/Knot_Tying/video/Knot_Tying_B001_capture2.avi,370,783,G15
Knot_Tying,Knot_Tying_B001,B,/kaggle/input/datasets/anaghabpoojari11/surgbench/Knot_Tying/Knot_Tying/video/Knot_Tying_B001_capture2.avi,784,1259,G12
Knot_Tying,Knot_Tying_B001,B,/kaggle/input/datasets/anaghabpoojari11/surgbench/Knot_Tying/Knot_Tying/video/Knot_Tying_B001_capture2.avi,1260,1329,G13
Knot_Tying,Knot_Tying_B001,B,/kaggle/input/datasets/anaghabpoojari11/surgbench/Knot_Tying/Knot_Tying/video/Knot_Tying_B001_capture2.avi,1330,1487,G14
Knot_Tying,Knot_Tying_B001,B,/kaggle/input/datasets/anaghabpoojari11/surgbench/Knot_Tying/Knot_Tying/video/Knot_Tying_B001_capture2.avi,1488,1626,G15
Knot_Tying,Knot_Tying_B001,B,/kaggle/input/datasets/anaghabpoojari11/surgbench/Knot_Tying/Knot_Tying/video/Knot_Tying_B001_capture2.avi,1627,1735,G11
Knot_Tying,Knot_Tying_I002,I,/kaggle/input/datasets/anaghabpoojari11/surgbench/Knot_Tying/Knot_Tying/video/Knot_Tying_I002_capture2.avi,6,114,G1
Knot_Tying,Knot_Tying_I002,I,/kaggle/input/datasets/anaghabpoojari11/surgbench/Knot_Tying/Knot_Tying/video/Knot_Tying_I002_capture2.avi,115,423,G12
Knot_Tying,Knot_Tying_I002,I,/kaggle/input/datasets/anaghabpoojari11/surgbench/Knot_Tying/Knot_Tying/video/Knot_Tying_I002_capture2.avi,424,713,G13
Knot_Tying,Knot_Tying_I002,I,/kaggle/input/datasets/anaghabpoojari11/surgbench/Knot_Tying/Knot_Tying/video/Knot_Tying_I002_capture2.avi,714,806,G14
Knot_Tying,Knot_Tying_I002,I,/kaggle/input/datasets/anaghabpoojari11/surgbench/Knot_Tying/Knot_Tying/video/Knot_Tying_I002_capture2.avi,807,1364,G15
Knot_Tying,Knot_Tying_I002,I,/kaggle/input/datasets/anaghabpoojari11/surgbench/Knot_Tying/Knot_Tying/video/Knot_Tying_I002_capture2.avi,1365,1626,G14
Knot_Tying,Knot_Tying_I002,I,/kaggle/input/datasets/anaghabpoojari11/surgbench/Knot_Tying/Knot_Tying/video/Knot_Tying_I002_capture2.avi,1627,1853,G13
Knot_Tying,Knot_Tying_I002,I,/kaggle/input/datasets/anaghabpoojari11/surgbench/Knot_Tying/Knot_Tying/video/Knot_Tying_I002_capture2.avi,1854,1985,G14
Knot_Tying,Knot_Tying_I002,I,/kaggle/input/datasets/anaghabpoojari11/surgbench/Knot_Tying/Knot_Tying/video/Knot_Tying_I002_capture2.avi,1986,2225,G15
Knot_Tying,Knot_Tying_I002,I,/kaggle/input/datasets/anaghabpoojari11/surgbench/Knot_Tying/Knot_Tying/video/Knot_Tying_I002_capture2.avi,2226,2350,G11
Knot_Tying,Knot_Tying_B002,B,/kaggle/input/datasets/anaghabpoojari11/surgbench/Knot_Tying/Knot_Tying/video/Knot_Tying_B002_capture2.avi,37,159,G12
Knot_Tying,Knot_Tying_B002,B,/kaggle/input/datasets/anaghabpoojari11/surgbench/Knot_Tying/Knot_Tying/video/Knot_Tying_B002_capture2.avi,160,254,G13
Knot_Tying,Knot_Tying_B002,B,/kaggle/input/datasets/anaghabpoojari11/surgbench/Knot_Tying/Knot_Tying/video/Knot_Tying_B002_capture2.avi,255,309,G14
Knot_Tying,Knot_Tying_B002,B,/kaggle/input/datasets/anaghabpoojari11/surgbench/Knot_Tying/Knot_Tying/video/Knot_Tying_B002_capture2.avi,310,659,G15
Knot_Tying,Knot_Tying_B002,B,/kaggle/input/datasets/anaghabpoojari11/surgbench/Knot_Tying/Knot_Tying/video/Knot_Tying_B002_capture2.avi,660,816,G12
Knot_Tying,Knot_Tying_B002,B,/kaggle/input/datasets/anaghabpoojari11/surgbench/Knot_Tying/Knot_Tying/video/Knot_Tying_B002_capture2.avi,817,1002,G13
Knot_Tying,Knot_Tying_B002,B,/kaggle/input/datasets/anaghabpoojari11/surgbench/Knot_Tying/Knot_Tying/video/Knot_Tying_B002_capture2.avi,1003,1023,G14
Knot_Tying,Knot_Tying_B002,B,/kaggle/input/datasets/anaghabpoojari11/surgbench/Knot_Tying/Knot_Tying/video/Knot_Tying_B002_capture2.avi,1024,1199,G15
Knot_Tying,Knot_Tying_B002,B,/kaggle/input/datasets/anaghabpoojari11/surgbench/Knot_Tying/Knot_Tying/video/Knot_Tying_B002_capture2.avi,1200,1260,G11
Knot_Tying,Knot_Tying_E005,E,/kaggle/input/datasets/anaghabpoojari11/surgbench/Knot_Tying/Knot_Tying/video/Knot_Tying_E005_capture2.avi,43,131,G1
Knot_Tying,Knot_Tying_E005,E,/kaggle/input/datasets/anaghabpoojari11/surgbench/Knot_Tying/Knot_Tying/video/Knot_Tying_E005_capture2.avi,132,288,G12
Knot_Tying,Knot_Tying_E005,E,/kaggle/input/datasets/anaghabpoojari11/surgbench/Knot_Tying/Knot_Tying/video/Knot_Tying_E005_capture2.avi,289,357,G13
Knot_Tying,Knot_Tying_E005,E,/kaggle/input/datasets/anaghabpoojari11/surgbench/Knot_Tying/Knot_Tying/video/Knot_Tying_E005_capture2.avi,358,441,G14
Knot_Tying,Knot_Tying_E005,E,/kaggle/input/datasets/anaghabpoojari11/surgbench/Knot_Tying/Knot_Tying/video/Knot_Tying_E005_capture2.avi,442,602,G15
Knot_Tying,Knot_Tying_E005,E,/kaggle/input/datasets/anaghabpoojari11/surgbench/Knot_Tying/Knot_Tying/video/Knot_Tying_E005_capture2.avi,603,673,G14
Knot_Tying,Knot_Tying_E005,E,/kaggle/input/datasets/anaghabpoojari11/surgbench/Knot_Tying/Knot_Tying/video/Knot_Tying_E005_capture2.avi,674,779,G12
Knot_Tying,Knot_Tying_E005,E,/kaggle/input/datasets/anaghabpoojari11/surgbench/Knot_Tying/Knot_Tying/video/Knot_Tying_E005_capture2.avi,780,838,G13
Knot_Tying,Knot_Tying_E005,E,/kaggle/input/datasets/anaghabpoojari11/surgbench/Knot_Tying/Knot_Tying/video/Knot_Tying_E005_capture2.avi,839,896,G14
Knot_Tying,Knot_Tying_E005,E,/kaggle/input/datasets/anaghabpoojari11/surgbench/Knot_Tying/Knot_Tying/video/Knot_Tying_E005_capture2.avi,897,1085,G15
Knot_Tying,Knot_Tying_E005,E,/kaggle/input/datasets/anaghabpoojari11/surgbench/Knot_Tying/Knot_Tying/video/Knot_Tying_E005_capture2.avi,1086,1170,G11
Knot_Tying,Knot_Tying_D002,D,/kaggle/input/datasets/anaghabpoojari11/surgbench/Knot_Tying/Knot_Tying/video/Knot_Tying_D002_capture2.avi,21,105,G1
Knot_Tying,Knot_Tying_D002,D,/kaggle/input/datasets/anaghabpoojari11/surgbench/Knot_Tying/Knot_Tying/video/Knot_Tying_D002_capture2.avi,106,221,G12
Knot_Tying,Knot_Tying_D002,D,/kaggle/input/datasets/anaghabpoojari11/surgbench/Knot_Tying/Knot_Tying/video/Knot_Tying_D002_capture2.avi,222,293,G13
Knot_Tying,Knot_Tying_D002,D,/kaggle/input/datasets/anaghabpoojari11/surgbench/Knot_Tying/Knot_Tying/video/Knot_Tying_D002_capture2.avi,294,410,G14
Knot_Tying,Knot_Tying_D002,D,/kaggle/input/datasets/anaghabpoojari11/surgbench/Knot_Tying/Knot_Tying/video/Knot_Tying_D002_capture2.avi,411,553,G15
Knot_Tying,Knot_Tying_D002,D,/kaggle/input/datasets/anaghabpoojari11/surgbench/Knot_Tying/Knot_Tying/video/Knot_Tying_D002_capture2.avi,554,634,G14
Knot_Tying,Knot_Tying_D002,D,/kaggle/input/datasets/anaghabpoojari11/surgbench/Knot_Tying/Knot_Tying/video/Knot_Tying_D002_capture2.avi,635,799,G12
Knot_Tying,Knot_Tying_D002,D,/kaggle/input/datasets/anaghabpoojari11/surgbench/Knot_Tying/Knot_Tying/video/Knot_Tying_D002_capture2.avi,800,894,G13
Knot_Tying,Knot_Tying_D002,D,/kaggle/input/datasets/anaghabpoojari11/surgbench/Knot_Tying/Knot_Tying/video/Knot_Tying_D002_capture2.avi,895,1007,G14
Knot_Tying,Knot_Tying_D002,D,/kaggle/input/datasets/anaghabpoojari11/surgbench/Knot_Tying/Knot_Tying/video/Knot_Tying_D002_capture2.avi,1008,1151,G15
Knot_Tying,Knot_Tying_D002,D,/kaggle/input/datasets/anaghabpoojari11/surgbench/Knot_Tying/Knot_Tying/video/Knot_Tying_D002_capture2.avi,1152,1227,G11
Knot_Tying,Knot_Tying_G005,G,/kaggle/input/datasets/anaghabpoojari11/surgbench/Knot_Tying/Knot_Tying/video/Knot_Tying_G005_capture2.avi,23,257,G12
Knot_Tying,Knot_Tying_G005,G,/kaggle/input/datasets/anaghabpoojari11/surgbench/Knot_Tying/Knot_Tying/video/Knot_Tying_G005_capture2.avi,258,325,G13
Knot_Tying,Knot_Tying_G005,G,/kaggle/input/datasets/anaghabpoojari11/surgbench/Knot_Tying/Knot_Tying/video/Knot_Tying_G005_capture2.avi,326,372,G14
Knot_Tying,Knot_Tying_G005,G,/kaggle/input/datasets/anaghabpoojari11/surgbench/Knot_Tying/Knot_Tying/video/Knot_Tying_G005_capture2.avi,373,567,G15
Knot_Tying,Knot_Tying_G005,G,/kaggle/input/datasets/anaghabpoojari11/surgbench/Knot_Tying/Knot_Tying/video/Knot_Tying_G005_capture2.avi,568,1018,G12
Knot_Tying,Knot_Tying_G005,G,/kaggle/input/datasets/anaghabpoojari11/surgbench/Knot_Tying/Knot_Tying/video/Knot_Tying_G005_capture2.avi,1019,1081,G13
Knot_Tying,Knot_Tying_G005,G,/kaggle/input/datasets/anaghabpoojari11/surgbench/Knot_Tying/Knot_Tying/video/Knot_Tying_G005_capture2.avi,1082,1175,G14
Knot_Tying,Knot_Tying_G005,G,/kaggle/input/datasets/anaghabpoojari11/surgbench/Knot_Tying/Knot_Tying/video/Knot_Tying_G005_capture2.avi,1176,1559,G15
Knot_Tying,Knot_Tying_G005,G,/kaggle/input/datasets/anaghabpoojari11/surgbench/Knot_Tying/Knot_Tying/video/Knot_Tying_G005_capture2.avi,1560,1636,G11
Knot_Tying,Knot_Tying_B004,B,/kaggle/input/datasets/anaghabpoojari11/surgbench/Knot_Tying/Knot_Tying/video/Knot_Tying_B004_capture2.avi,55,318,G12
Knot_Tying,Knot_Tying_B004,B,/kaggle/input/datasets/anaghabpoojari11/surgbench/Knot_Tying/Knot_Tying/video/Knot_Tying_B004_capture2.avi,319,585,G13
Knot_Tying,Knot_Tying_B004,B,/kaggle/input/datasets/anaghabpoojari11/surgbench/Knot_Tying/Knot_Tying/video/Knot_Tying_B004_capture2.avi,586,645,G14
Knot_Tying,Knot_Tying_B004,B,/kaggle/input/datasets/anaghabpoojari11/surgbench/Knot_Tying/Knot_Tying/video/Knot_Tying_B004_capture2.avi,646,808,G15
Knot_Tying,Knot_Tying_B004,B,/kaggle/input/datasets/anaghabpoojari11/surgbench/Knot_Tying/Knot_Tying/video/Knot_Tying_B004_capture2.avi,809,1268,G12
Knot_Tying,Knot_Tying_B004,B,/kaggle/input/datasets/anaghabpoojari11/surgbench/Knot_Tying/Knot_Tying/video/Knot_Tying_B004_capture2.avi,1269,1451,G13
Knot_Tying,Knot_Tying_B004,B,/kaggle/input/datasets/anaghabpoojari11/surgbench/Knot_Tying/Knot_Tying/video/Knot_Tying_B004_capture2.avi,1452,1539,G14
Knot_Tying,Knot_Tying_B004,B,/kaggle/input/datasets/anaghabpoojari11/surgbench/Knot_Tying/Knot_Tying/video/Knot_Tying_B004_capture2.avi,1540,1637,G15
Knot_Tying,Knot_Tying_B004,B,/kaggle/input/datasets/anaghabpoojari11/surgbench/Knot_Tying/Knot_Tying/video/Knot_Tying_B004_capture2.avi,1790,1820,G11
Knot_Tying,Knot_Tying_D005,D,/kaggle/input/datasets/anaghabpoojari11/surgbench/Knot_Tying/Knot_Tying/video/Knot_Tying_D005_capture2.avi,20,83,G1
Knot_Tying,Knot_Tying_D005,D,/kaggle/input/datasets/anaghabpoojari11/surgbench/Knot_Tying/Knot_Tying/video/Knot_Tying_D005_capture2.avi,84,223,G12
Knot_Tying,Knot_Tying_D005,D,/kaggle/input/datasets/anaghabpoojari11/surgbench/Knot_Tying/Knot_Tying/video/Knot_Tying_D005_capture2.avi,224,309,G13
Knot_Tying,Knot_Tying_D005,D,/kaggle/input/datasets/anaghabpoojari11/surgbench/Knot_Tying/Knot_Tying/video/Knot_Tying_D005_capture2.avi,310,385,G14
Knot_Tying,Knot_Tying_D005,D,/kaggle/input/datasets/anaghabpoojari11/surgbench/Knot_Tying/Knot_Tying/video/Knot_Tying_D005_capture2.avi,386,530,G15
Knot_Tying,Knot_Tying_D005,D,/kaggle/input/datasets/anaghabpoojari11/surgbench/Knot_Tying/Knot_Tying/video/Knot_Tying_D005_capture2.avi,531,594,G14
Knot_Tying,Knot_Tying_D005,D,/kaggle/input/datasets/anaghabpoojari11/surgbench/Knot_Tying/Knot_Tying/video/Knot_Tying_D005_capture2.avi,595,703,G12
Knot_Tying,Knot_Tying_D005,D,/kaggle/input/datasets/anaghabpoojari11/surgbench/Knot_Tying/Knot_Tying/video/Knot_Tying_D005_capture2.avi,704,772,G13
Knot_Tying,Knot_Tying_D005,D,/kaggle/input/datasets/anaghabpoojari11/surgbench/Knot_Tying/Knot_Tying/video/Knot_Tying_D005_capture2.avi,773,860,G14
Knot_Tying,Knot_Tying_D005,D,/kaggle/input/datasets/anaghabpoojari11/surgbench/Knot_Tying/Knot_Tying/video/Knot_Tying_D005_capture2.avi,861,1033,G15
Knot_Tying,Knot_Tying_D005,D,/kaggle/input/datasets/anaghabpoojari11/surgbench/Knot_Tying/Knot_Tying/video/Knot_Tying_D005_capture2.avi,1034,1117,G11
Knot_Tying,Knot_Tying_I005,I,/kaggle/input/datasets/anaghabpoojari11/surgbench/Knot_Tying/Knot_Tying/video/Knot_Tying_I005_capture2.avi,1,91,G1
Knot_Tying,Knot_Tying_I005,I,/kaggle/input/datasets/anaghabpoojari11/surgbench/Knot_Tying/Knot_Tying/video/Knot_Tying_I005_capture2.avi,92,254,G12
Knot_Tying,Knot_Tying_I005,I,/kaggle/input/datasets/anaghabpoojari11/surgbench/Knot_Tying/Knot_Tying/video/Knot_Tying_I005_capture2.avi,255,416,G13
Knot_Tying,Knot_Tying_I005,I,/kaggle/input/datasets/anaghabpoojari11/surgbench/Knot_Tying/Knot_Tying/video/Knot_Tying_I005_capture2.avi,417,485,G14
Knot_Tying,Knot_Tying_I005,I,/kaggle/input/datasets/anaghabpoojari11/surgbench/Knot_Tying/Knot_Tying/video/Knot_Tying_I005_capture2.avi,486,1050,G15
Knot_Tying,Knot_Tying_I005,I,/kaggle/input/datasets/anaghabpoojari11/surgbench/Knot_Tying/Knot_Tying/video/Knot_Tying_I005_capture2.avi,1051,1189,G14
Knot_Tying,Knot_Tying_I005,I,/kaggle/input/datasets/anaghabpoojari11/surgbench/Knot_Tying/Knot_Tying/video/Knot_Tying_I005_capture2.avi,1190,1867,G12
Knot_Tying,Knot_Tying_I005,I,/kaggle/input/datasets/anaghabpoojari11/surgbench/Knot_Tying/Knot_Tying/video/Knot_Tying_I005_capture2.avi,1868,2122,G13
Knot_Tying,Knot_Tying_I005,I,/kaggle/input/datasets/anaghabpoojari11/surgbench/Knot_Tying/Knot_Tying/video/Knot_Tying_I005_capture2.avi,2123,2254,G14
Knot_Tying,Knot_Tying_I005,I,/kaggle/input/datasets/anaghabpoojari11/surgbench/Knot_Tying/Knot_Tying/video/Knot_Tying_I005_capture2.avi,2255,2498,G15
Knot_Tying,Knot_Tying_I005,I,/kaggle/input/datasets/anaghabpoojari11/surgbench/Knot_Tying/Knot_Tying/video/Knot_Tying_I005_capture2.avi,2499,2612,G11
Knot_Tying,Knot_Tying_C001,C,/kaggle/input/datasets/anaghabpoojari11/surgbench/Knot_Tying/Knot_Tying/video/Knot_Tying_C001_capture2.avi,37,134,G12
Knot_Tying,Knot_Tying_C001,C,/kaggle/input/datasets/anaghabpoojari11/surgbench/Knot_Tying/Knot_Tying/video/Knot_Tying_C001_capture2.avi,135,160,G13
Knot_Tying,Knot_Tying_C001,C,/kaggle/input/datasets/anaghabpoojari11/surgbench/Knot_Tying/Knot_Tying/video/Knot_Tying_C001_capture2.avi,161,327,G14
Knot_Tying,Knot_Tying_C001,C,/kaggle/input/datasets/anaghabpoojari11/surgbench/Knot_Tying/Knot_Tying/video/Knot_Tying_C001_capture2.avi,328,609,G15
Knot_Tying,Knot_Tying_C001,C,/kaggle/input/datasets/anaghabpoojari11/surgbench/Knot_Tying/Knot_Tying/video/Knot_Tying_C001_capture2.avi,610,887,G12
Knot_Tying,Knot_Tying_C001,C,/kaggle/input/datasets/anaghabpoojari11/surgbench/Knot_Tying/Knot_Tying/video/Knot_Tying_C001_capture2.avi,888,934,G13
Knot_Tying,Knot_Tying_C001,C,/kaggle/input/datasets/anaghabpoojari11/surgbench/Knot_Tying/Knot_Tying/video/Knot_Tying_C001_capture2.avi,935,999,G14
Knot_Tying,Knot_Tying_C001,C,/kaggle/input/datasets/anaghabpoojari11/surgbench/Knot_Tying/Knot_Tying/video/Knot_Tying_C001_capture2.avi,1000,1139,G15
Knot_Tying,Knot_Tying_C001,C,/kaggle/input/datasets/anaghabpoojari11/surgbench/Knot_Tying/Knot_Tying/video/Knot_Tying_C001_capture2.avi,1140,1227,G11
Knot_Tying,Knot_Tying_C005,C,/kaggle/input/datasets/anaghabpoojari11/surgbench/Knot_Tying/Knot_Tying/video/Knot_Tying_C005_capture2.avi,20,92,G1
Knot_Tying,Knot_Tying_C005,C,/kaggle/input/datasets/anaghabpoojari11/surgbench/Knot_Tying/Knot_Tying/video/Knot_Tying_C005_capture2.avi,93,201,G12
Knot_Tying,Knot_Tying_C005,C,/kaggle/input/datasets/anaghabpoojari11/surgbench/Knot_Tying/Knot_Tying/video/Knot_Tying_C005_capture2.avi,202,244,G13
Knot_Tying,Knot_Tying_C005,C,/kaggle/input/datasets/anaghabpoojari11/surgbench/Knot_Tying/Knot_Tying/video/Knot_Tying_C005_capture2.avi,245,439,G14
Knot_Tying,Knot_Tying_C005,C,/kaggle/input/datasets/anaghabpoojari11/surgbench/Knot_Tying/Knot_Tying/video/Knot_Tying_C005_capture2.avi,440,601,G15
Knot_Tying,Knot_Tying_C005,C,/kaggle/input/datasets/anaghabpoojari11/surgbench/Knot_Tying/Knot_Tying/video/Knot_Tying_C005_capture2.avi,602,638,G14
Knot_Tying,Knot_Tying_C005,C,/kaggle/input/datasets/anaghabpoojari11/surgbench/Knot_Tying/Knot_Tying/video/Knot_Tying_C005_capture2.avi,639,785,G12
Knot_Tying,Knot_Tying_C005,C,/kaggle/input/datasets/anaghabpoojari11/surgbench/Knot_Tying/Knot_Tying/video/Knot_Tying_C005_capture2.avi,786,827,G13
Knot_Tying,Knot_Tying_C005,C,/kaggle/input/datasets/anaghabpoojari11/surgbench/Knot_Tying/Knot_Tying/video/Knot_Tying_C005_capture2.avi,828,870,G14
Knot_Tying,Knot_Tying_C005,C,/kaggle/input/datasets/anaghabpoojari11/surgbench/Knot_Tying/Knot_Tying/video/Knot_Tying_C005_capture2.avi,871,982,G15
Knot_Tying,Knot_Tying_C005,C,/kaggle/input/datasets/anaghabpoojari11/surgbench/Knot_Tying/Knot_Tying/video/Knot_Tying_C005_capture2.avi,983,1037,G11
Knot_Tying,Knot_Tying_F004,F,/kaggle/input/datasets/anaghabpoojari11/surgbench/Knot_Tying/Knot_Tying/video/Knot_Tying_F004_capture2.avi,1,42,G12
Knot_Tying,Knot_Tying_F004,F,/kaggle/input/datasets/anaghabpoojari11/surgbench/Knot_Tying/Knot_Tying/video/Knot_Tying_F004_capture2.avi,43,113,G13
Knot_Tying,Knot_Tying_F004,F,/kaggle/input/datasets/anaghabpoojari11/surgbench/Knot_Tying/Knot_Tying/video/Knot_Tying_F004_capture2.avi,114,400,G14
Knot_Tying,Knot_Tying_F004,F,/kaggle/input/datasets/anaghabpoojari11/surgbench/Knot_Tying/Knot_Tying/video/Knot_Tying_F004_capture2.avi,401,602,G15
Knot_Tying,Knot_Tying_F004,F,/kaggle/input/datasets/anaghabpoojari11/surgbench/Knot_Tying/Knot_Tying/video/Knot_Tying_F004_capture2.avi,603,682,G14
Knot_Tying,Knot_Tying_F004,F,/kaggle/input/datasets/anaghabpoojari11/surgbench/Knot_Tying/Knot_Tying/video/Knot_Tying_F004_capture2.avi,683,891,G12
Knot_Tying,Knot_Tying_F004,F,/kaggle/input/datasets/anaghabpoojari11/surgbench/Knot_Tying/Knot_Tying/video/Knot_Tying_F004_capture2.avi,892,1132,G13
Knot_Tying,Knot_Tying_F004,F,/kaggle/input/datasets/anaghabpoojari11/surgbench/Knot_Tying/Knot_Tying/video/Knot_Tying_F004_capture2.avi,1133,1291,G14
Knot_Tying,Knot_Tying_F004,F,/kaggle/input/datasets/anaghabpoojari11/surgbench/Knot_Tying/Knot_Tying/video/Knot_Tying_F004_capture2.avi,1292,1730,G15
Knot_Tying,Knot_Tying_F004,F,/kaggle/input/datasets/anaghabpoojari11/surgbench/Knot_Tying/Knot_Tying/video/Knot_Tying_F004_capture2.avi,1731,1792,G11
Knot_Tying,Knot_Tying_I003,I,/kaggle/input/datasets/anaghabpoojari11/surgbench/Knot_Tying/Knot_Tying/video/Knot_Tying_I003_capture2.avi,1,103,G1
Knot_Tying,Knot_Tying_I003,I,/kaggle/input/datasets/anaghabpoojari11/surgbench/Knot_Tying/Knot_Tying/video/Knot_Tying_I003_capture2.avi,104,260,G12
Knot_Tying,Knot_Tying_I003,I,/kaggle/input/datasets/anaghabpoojari11/surgbench/Knot_Tying/Knot_Tying/video/Knot_Tying_I003_capture2.avi,261,418,G13
Knot_Tying,Knot_Tying_I003,I,/kaggle/input/datasets/anaghabpoojari11/surgbench/Knot_Tying/Knot_Tying/video/Knot_Tying_I003_capture2.avi,419,492,G14
Knot_Tying,Knot_Tying_I003,I,/kaggle/input/datasets/anaghabpoojari11/surgbench/Knot_Tying/Knot_Tying/video/Knot_Tying_I003_capture2.avi,493,738,G15
Knot_Tying,Knot_Tying_I003,I,/kaggle/input/datasets/anaghabpoojari11/surgbench/Knot_Tying/Knot_Tying/video/Knot_Tying_I003_capture2.avi,739,863,G14
Knot_Tying,Knot_Tying_I003,I,/kaggle/input/datasets/anaghabpoojari11/surgbench/Knot_Tying/Knot_Tying/video/Knot_Tying_I003_capture2.avi,864,1204,G12
Knot_Tying,Knot_Tying_I003,I,/kaggle/input/datasets/anaghabpoojari11/surgbench/Knot_Tying/Knot_Tying/video/Knot_Tying_I003_capture2.avi,1205,1399,G13
Knot_Tying,Knot_Tying_I003,I,/kaggle/input/datasets/anaghabpoojari11/surgbench/Knot_Tying/Knot_Tying/video/Knot_Tying_I003_capture2.avi,1400,1657,G14
Knot_Tying,Knot_Tying_I003,I,/kaggle/input/datasets/anaghabpoojari11/surgbench/Knot_Tying/Knot_Tying/video/Knot_Tying_I003_capture2.avi,1658,1851,G15
Knot_Tying,Knot_Tying_I003,I,/kaggle/input/datasets/anaghabpoojari11/surgbench/Knot_Tying/Knot_Tying/video/Knot_Tying_I003_capture2.avi,1852,1975,G11
Knot_Tying,Knot_Tying_D004,D,/kaggle/input/datasets/anaghabpoojari11/surgbench/Knot_Tying/Knot_Tying/video/Knot_Tying_D004_capture2.avi,28,109,G1
Knot_Tying,Knot_Tying_D004,D,/kaggle/input/datasets/anaghabpoojari11/surgbench/Knot_Tying/Knot_Tying/video/Knot_Tying_D004_capture2.avi,110,216,G12
Knot_Tying,Knot_Tying_D004,D,/kaggle/input/datasets/anaghabpoojari11/surgbench/Knot_Tying/Knot_Tying/video/Knot_Tying_D004_capture2.avi,217,262,G13
Knot_Tying,Knot_Tying_D004,D,/kaggle/input/datasets/anaghabpoojari11/surgbench/Knot_Tying/Knot_Tying/video/Knot_Tying_D004_capture2.avi,263,313,G14
Knot_Tying,Knot_Tying_D004,D,/kaggle/input/datasets/anaghabpoojari11/surgbench/Knot_Tying/Knot_Tying/video/Knot_Tying_D004_capture2.avi,314,411,G15
Knot_Tying,Knot_Tying_D004,D,/kaggle/input/datasets/anaghabpoojari11/surgbench/Knot_Tying/Knot_Tying/video/Knot_Tying_D004_capture2.avi,412,488,G14
Knot_Tying,Knot_Tying_D004,D,/kaggle/input/datasets/anaghabpoojari11/surgbench/Knot_Tying/Knot_Tying/video/Knot_Tying_D004_capture2.avi,489,610,G12
Knot_Tying,Knot_Tying_D004,D,/kaggle/input/datasets/anaghabpoojari11/surgbench/Knot_Tying/Knot_Tying/video/Knot_Tying_D004_capture2.avi,611,686,G13
Knot_Tying,Knot_Tying_D004,D,/kaggle/input/datasets/anaghabpoojari11/surgbench/Knot_Tying/Knot_Tying/video/Knot_Tying_D004_capture2.avi,687,765,G14
Knot_Tying,Knot_Tying_D004,D,/kaggle/input/datasets/anaghabpoojari11/surgbench/Knot_Tying/Knot_Tying/video/Knot_Tying_D004_capture2.avi,766,859,G15
Knot_Tying,Knot_Tying_D004,D,/kaggle/input/datasets/anaghabpoojari11/surgbench/Knot_Tying/Knot_Tying/video/Knot_Tying_D004_capture2.avi,860,936,G11
Knot_Tying,Knot_Tying_F002,F,/kaggle/input/datasets/anaghabpoojari11/surgbench/Knot_Tying/Knot_Tying/video/Knot_Tying_F002_capture2.avi,1,52,G12
Knot_Tying,Knot_Tying_F002,F,/kaggle/input/datasets/anaghabpoojari11/surgbench/Knot_Tying/Knot_Tying/video/Knot_Tying_F002_capture2.avi,53,129,G13
Knot_Tying,Knot_Tying_F002,F,/kaggle/input/datasets/anaghabpoojari11/surgbench/Knot_Tying/Knot_Tying/video/Knot_Tying_F002_capture2.avi,130,238,G14
Knot_Tying,Knot_Tying_F002,F,/kaggle/input/datasets/anaghabpoojari11/surgbench/Knot_Tying/Knot_Tying/video/Knot_Tying_F002_capture2.avi,239,400,G15
Knot_Tying,Knot_Tying_F002,F,/kaggle/input/datasets/anaghabpoojari11/surgbench/Knot_Tying/Knot_Tying/video/Knot_Tying_F002_capture2.avi,401,462,G14
Knot_Tying,Knot_Tying_F002,F,/kaggle/input/datasets/anaghabpoojari11/surgbench/Knot_Tying/Knot_Tying/video/Knot_Tying_F002_capture2.avi,463,540,G12
Knot_Tying,Knot_Tying_F002,F,/kaggle/input/datasets/anaghabpoojari11/surgbench/Knot_Tying/Knot_Tying/video/Knot_Tying_F002_capture2.avi,541,597,G13
Knot_Tying,Knot_Tying_F002,F,/kaggle/input/datasets/anaghabpoojari11/surgbench/Knot_Tying/Knot_Tying/video/Knot_Tying_F002_capture2.avi,598,651,G14
Knot_Tying,Knot_Tying_F002,F,/kaggle/input/datasets/anaghabpoojari11/surgbench/Knot_Tying/Knot_Tying/video/Knot_Tying_F002_capture2.avi,652,919,G15
Knot_Tying,Knot_Tying_F002,F,/kaggle/input/datasets/anaghabpoojari11/surgbench/Knot_Tying/Knot_Tying/video/Knot_Tying_F002_capture2.avi,920,984,G11
Knot_Tying,Knot_Tying_G003,G,/kaggle/input/datasets/anaghabpoojari11/surgbench/Knot_Tying/Knot_Tying/video/Knot_Tying_G003_capture2.avi,175,468,G12
Knot_Tying,Knot_Tying_G003,G,/kaggle/input/datasets/anaghabpoojari11/surgbench/Knot_Tying/Knot_Tying/video/Knot_Tying_G003_capture2.avi,469,538,G13
Knot_Tying,Knot_Tying_G003,G,/kaggle/input/datasets/anaghabpoojari11/surgbench/Knot_Tying/Knot_Tying/video/Knot_Tying_G003_capture2.avi,539,612,G14
Knot_Tying,Knot_Tying_G003,G,/kaggle/input/datasets/anaghabpoojari11/surgbench/Knot_Tying/Knot_Tying/video/Knot_Tying_G003_capture2.avi,613,1138,G15
Knot_Tying,Knot_Tying_G003,G,/kaggle/input/datasets/anaghabpoojari11/surgbench/Knot_Tying/Knot_Tying/video/Knot_Tying_G003_capture2.avi,1139,1689,G12
Knot_Tying,Knot_Tying_G003,G,/kaggle/input/datasets/anaghabpoojari11/surgbench/Knot_Tying/Knot_Tying/video/Knot_Tying_G003_capture2.avi,1690,1751,G13
Knot_Tying,Knot_Tying_G003,G,/kaggle/input/datasets/anaghabpoojari11/surgbench/Knot_Tying/Knot_Tying/video/Knot_Tying_G003_capture2.avi,1752,1915,G14
Knot_Tying,Knot_Tying_G003,G,/kaggle/input/datasets/anaghabpoojari11/surgbench/Knot_Tying/Knot_Tying/video/Knot_Tying_G003_capture2.avi,1916,2275,G15
Knot_Tying,Knot_Tying_G003,G,/kaggle/input/datasets/anaghabpoojari11/surgbench/Knot_Tying/Knot_Tying/video/Knot_Tying_G003_capture2.avi,2276,2361,G11
Knot_Tying,Knot_Tying_G002,G,/kaggle/input/datasets/anaghabpoojari11/surgbench/Knot_Tying/Knot_Tying/video/Knot_Tying_G002_capture2.avi,1,259,G12
Knot_Tying,Knot_Tying_G002,G,/kaggle/input/datasets/anaghabpoojari11/surgbench/Knot_Tying/Knot_Tying/video/Knot_Tying_G002_capture2.avi,260,327,G13
Knot_Tying,Knot_Tying_G002,G,/kaggle/input/datasets/anaghabpoojari11/surgbench/Knot_Tying/Knot_Tying/video/Knot_Tying_G002_capture2.avi,328,662,G14
Knot_Tying,Knot_Tying_G002,G,/kaggle/input/datasets/anaghabpoojari11/surgbench/Knot_Tying/Knot_Tying/video/Knot_Tying_G002_capture2.avi,663,1041,G12
Knot_Tying,Knot_Tying_G002,G,/kaggle/input/datasets/anaghabpoojari11/surgbench/Knot_Tying/Knot_Tying/video/Knot_Tying_G002_capture2.avi,1042,1109,G13
Knot_Tying,Knot_Tying_G002,G,/kaggle/input/datasets/anaghabpoojari11/surgbench/Knot_Tying/Knot_Tying/video/Knot_Tying_G002_capture2.avi,1110,1219,G14
Knot_Tying,Knot_Tying_G002,G,/kaggle/input/datasets/anaghabpoojari11/surgbench/Knot_Tying/Knot_Tying/video/Knot_Tying_G002_capture2.avi,1220,2103,G15
Knot_Tying,Knot_Tying_G002,G,/kaggle/input/datasets/anaghabpoojari11/surgbench/Knot_Tying/Knot_Tying/video/Knot_Tying_G002_capture2.avi,2104,2197,G11
Needle_Passing,Needle_Passing_E004,E,/kaggle/input/datasets/anaghabpoojari11/surgbench/Needle_Passing/Needle_Passing/video/Needle_Passing_E004_capture2.avi,73,213,G1
Needle_Passing,Needle_Passing_E004,E,/kaggle/input/datasets/anaghabpoojari11/surgbench/Needle_Passing/Needle_Passing/video/Needle_Passing_E004_capture2.avi,214,395,G5
Needle_Passing,Needle_Passing_E004,E,/kaggle/input/datasets/anaghabpoojari11/surgbench/Needle_Passing/Needle_Passing/video/Needle_Passing_E004_capture2.avi,396,784,G8
Needle_Passing,Needle_Passing_E004,E,/kaggle/input/datasets/anaghabpoojari11/surgbench/Needle_Passing/Needle_Passing/video/Needle_Passing_E004_capture2.avi,785,997,G2
Needle_Passing,Needle_Passing_E004,E,/kaggle/input/datasets/anaghabpoojari11/surgbench/Needle_Passing/Needle_Passing/video/Needle_Passing_E004_capture2.avi,998,1105,G3
Needle_Passing,Needle_Passing_E004,E,/kaggle/input/datasets/anaghabpoojari11/surgbench/Needle_Passing/Needle_Passing/video/Needle_Passing_E004_capture2.avi,1106,1229,G6
Needle_Passing,Needle_Passing_E004,E,/kaggle/input/datasets/anaghabpoojari11/surgbench/Needle_Passing/Needle_Passing/video/Needle_Passing_E004_capture2.avi,1230,1319,G4
Needle_Passing,Needle_Passing_E004,E,/kaggle/input/datasets/anaghabpoojari11/surgbench/Needle_Passing/Needle_Passing/video/Needle_Passing_E004_capture2.avi,1320,1469,G2
Needle_Passing,Needle_Passing_E004,E,/kaggle/input/datasets/anaghabpoojari11/surgbench/Needle_Passing/Needle_Passing/video/Needle_Passing_E004_capture2.avi,1470,1550,G3
Needle_Passing,Needle_Passing_E004,E,/kaggle/input/datasets/anaghabpoojari11/surgbench/Needle_Passing/Needle_Passing/video/Needle_Passing_E004_capture2.avi,1551,1733,G6
Needle_Passing,Needle_Passing_E004,E,/kaggle/input/datasets/anaghabpoojari11/surgbench/Needle_Passing/Needle_Passing/video/Needle_Passing_E004_capture2.avi,1734,1827,G4
Needle_Passing,Needle_Passing_E004,E,/kaggle/input/datasets/anaghabpoojari11/surgbench/Needle_Passing/Needle_Passing/video/Needle_Passing_E004_capture2.avi,1828,2004,G2
Needle_Passing,Needle_Passing_E004,E,/kaggle/input/datasets/anaghabpoojari11/surgbench/Needle_Passing/Needle_Passing/video/Needle_Passing_E004_capture2.avi,2005,2086,G3
Needle_Passing,Needle_Passing_E004,E,/kaggle/input/datasets/anaghabpoojari11/surgbench/Needle_Passing/Needle_Passing/video/Needle_Passing_E004_capture2.avi,2087,2251,G6
Needle_Passing,Needle_Passing_E004,E,/kaggle/input/datasets/anaghabpoojari11/surgbench/Needle_Passing/Needle_Passing/video/Needle_Passing_E004_capture2.avi,2252,2365,G4
Needle_Passing,Needle_Passing_E004,E,/kaggle/input/datasets/anaghabpoojari11/surgbench/Needle_Passing/Needle_Passing/video/Needle_Passing_E004_capture2.avi,2366,2919,G2
Needle_Passing,Needle_Passing_E004,E,/kaggle/input/datasets/anaghabpoojari11/surgbench/Needle_Passing/Needle_Passing/video/Needle_Passing_E004_capture2.avi,2920,3031,G3
Needle_Passing,Needle_Passing_E004,E,/kaggle/input/datasets/anaghabpoojari11/surgbench/Needle_Passing/Needle_Passing/video/Needle_Passing_E004_capture2.avi,3032,3140,G6
Needle_Passing,Needle_Passing_E004,E,/kaggle/input/datasets/anaghabpoojari11/surgbench/Needle_Passing/Needle_Passing/video/Needle_Passing_E004_capture2.avi,3141,3318,G11
Needle_Passing,Needle_Passing_E001,E,/kaggle/input/datasets/anaghabpoojari11/surgbench/Needle_Passing/Needle_Passing/video/Needle_Passing_E001_capture2.avi,15,169,G1
Needle_Passing,Needle_Passing_E001,E,/kaggle/input/datasets/anaghabpoojari11/surgbench/Needle_Passing/Needle_Passing/video/Needle_Passing_E001_capture2.avi,170,334,G5
Needle_Passing,Needle_Passing_E001,E,/kaggle/input/datasets/anaghabpoojari11/surgbench/Needle_Passing/Needle_Passing/video/Needle_Passing_E001_capture2.avi,335,419,G8
Needle_Passing,Needle_Passing_E001,E,/kaggle/input/datasets/anaghabpoojari11/surgbench/Needle_Passing/Needle_Passing/video/Needle_Passing_E001_capture2.avi,420,552,G2
Needle_Passing,Needle_Passing_E001,E,/kaggle/input/datasets/anaghabpoojari11/surgbench/Needle_Passing/Needle_Passing/video/Needle_Passing_E001_capture2.avi,553,709,G8
Needle_Passing,Needle_Passing_E001,E,/kaggle/input/datasets/anaghabpoojari11/surgbench/Needle_Passing/Needle_Passing/video/Needle_Passing_E001_capture2.avi,710,898,G2
Needle_Passing,Needle_Passing_E001,E,/kaggle/input/datasets/anaghabpoojari11/surgbench/Needle_Passing/Needle_Passing/video/Needle_Passing_E001_capture2.avi,899,943,G3
Needle_Passing,Needle_Passing_E001,E,/kaggle/input/datasets/anaghabpoojari11/surgbench/Needle_Passing/Needle_Passing/video/Needle_Passing_E001_capture2.avi,944,1159,G6
Needle_Passing,Needle_Passing_E001,E,/kaggle/input/datasets/anaghabpoojari11/surgbench/Needle_Passing/Needle_Passing/video/Needle_Passing_E001_capture2.avi,1160,1263,G4
Needle_Passing,Needle_Passing_E001,E,/kaggle/input/datasets/anaghabpoojari11/surgbench/Needle_Passing/Needle_Passing/video/Needle_Passing_E001_capture2.avi,1264,1539,G2
Needle_Passing,Needle_Passing_E001,E,/kaggle/input/datasets/anaghabpoojari11/surgbench/Needle_Passing/Needle_Passing/video/Needle_Passing_E001_capture2.avi,1540,1640,G3
Needle_Passing,Needle_Passing_E001,E,/kaggle/input/datasets/anaghabpoojari11/surgbench/Needle_Passing/Needle_Passing/video/Needle_Passing_E001_capture2.avi,1641,1760,G6
Needle_Passing,Needle_Passing_E001,E,/kaggle/input/datasets/anaghabpoojari11/surgbench/Needle_Passing/Needle_Passing/video/Needle_Passing_E001_capture2.avi,1761,1889,G4
Needle_Passing,Needle_Passing_E001,E,/kaggle/input/datasets/anaghabpoojari11/surgbench/Needle_Passing/Needle_Passing/video/Needle_Passing_E001_capture2.avi,1890,2247,G2
Needle_Passing,Needle_Passing_E001,E,/kaggle/input/datasets/anaghabpoojari11/surgbench/Needle_Passing/Needle_Passing/video/Needle_Passing_E001_capture2.avi,2248,2354,G3
Needle_Passing,Needle_Passing_E001,E,/kaggle/input/datasets/anaghabpoojari11/surgbench/Needle_Passing/Needle_Passing/video/Needle_Passing_E001_capture2.avi,2355,2477,G6
Needle_Passing,Needle_Passing_E001,E,/kaggle/input/datasets/anaghabpoojari11/surgbench/Needle_Passing/Needle_Passing/video/Needle_Passing_E001_capture2.avi,2478,2567,G4
Needle_Passing,Needle_Passing_E001,E,/kaggle/input/datasets/anaghabpoojari11/surgbench/Needle_Passing/Needle_Passing/video/Needle_Passing_E001_capture2.avi,2568,2776,G2
Needle_Passing,Needle_Passing_E001,E,/kaggle/input/datasets/anaghabpoojari11/surgbench/Needle_Passing/Needle_Passing/video/Needle_Passing_E001_capture2.avi,2777,2850,G3
Needle_Passing,Needle_Passing_E001,E,/kaggle/input/datasets/anaghabpoojari11/surgbench/Needle_Passing/Needle_Passing/video/Needle_Passing_E001_capture2.avi,2851,2946,G6
Needle_Passing,Needle_Passing_E001,E,/kaggle/input/datasets/anaghabpoojari11/surgbench/Needle_Passing/Needle_Passing/video/Needle_Passing_E001_capture2.avi,2947,3230,G11
Needle_Passing,Needle_Passing_E005,E,/kaggle/input/datasets/anaghabpoojari11/surgbench/Needle_Passing/Needle_Passing/video/Needle_Passing_E005_capture2.avi,94,166,G1
Needle_Passing,Needle_Passing_E005,E,/kaggle/input/datasets/anaghabpoojari11/surgbench/Needle_Passing/Needle_Passing/video/Needle_Passing_E005_capture2.avi,167,368,G5
Needle_Passing,Needle_Passing_E005,E,/kaggle/input/datasets/anaghabpoojari11/surgbench/Needle_Passing/Needle_Passing/video/Needle_Passing_E005_capture2.avi,369,552,G8
Needle_Passing,Needle_Passing_E005,E,/kaggle/input/datasets/anaghabpoojari11/surgbench/Needle_Passing/Needle_Passing/video/Needle_Passing_E005_capture2.avi,553,763,G2
Needle_Passing,Needle_Passing_E005,E,/kaggle/input/datasets/anaghabpoojari11/surgbench/Needle_Passing/Needle_Passing/video/Needle_Passing_E005_capture2.avi,764,844,G3
Needle_Passing,Needle_Passing_E005,E,/kaggle/input/datasets/anaghabpoojari11/surgbench/Needle_Passing/Needle_Passing/video/Needle_Passing_E005_capture2.avi,845,985,G6
Needle_Passing,Needle_Passing_E005,E,/kaggle/input/datasets/anaghabpoojari11/surgbench/Needle_Passing/Needle_Passing/video/Needle_Passing_E005_capture2.avi,986,1124,G4
Needle_Passing,Needle_Passing_E005,E,/kaggle/input/datasets/anaghabpoojari11/surgbench/Needle_Passing/Needle_Passing/video/Needle_Passing_E005_capture2.avi,1125,1397,G2
Needle_Passing,Needle_Passing_E005,E,/kaggle/input/datasets/anaghabpoojari11/surgbench/Needle_Passing/Needle_Passing/video/Needle_Passing_E005_capture2.avi,1398,1469,G3
Needle_Passing,Needle_Passing_E005,E,/kaggle/input/datasets/anaghabpoojari11/surgbench/Needle_Passing/Needle_Passing/video/Needle_Passing_E005_capture2.avi,1470,1616,G6
Needle_Passing,Needle_Passing_E005,E,/kaggle/input/datasets/anaghabpoojari11/surgbench/Needle_Passing/Needle_Passing/video/Needle_Passing_E005_capture2.avi,1617,1738,G4
Needle_Passing,Needle_Passing_E005,E,/kaggle/input/datasets/anaghabpoojari11/surgbench/Needle_Passing/Needle_Passing/video/Needle_Passing_E005_capture2.avi,1739,1911,G2
Needle_Passing,Needle_Passing_E005,E,/kaggle/input/datasets/anaghabpoojari11/surgbench/Needle_Passing/Needle_Passing/video/Needle_Passing_E005_capture2.avi,1912,2426,G3
Needle_Passing,Needle_Passing_E005,E,/kaggle/input/datasets/anaghabpoojari11/surgbench/Needle_Passing/Needle_Passing/video/Needle_Passing_E005_capture2.avi,2427,2503,G6
Needle_Passing,Needle_Passing_E005,E,/kaggle/input/datasets/anaghabpoojari11/surgbench/Needle_Passing/Needle_Passing/video/Needle_Passing_E005_capture2.avi,2504,2643,G4
Needle_Passing,Needle_Passing_E005,E,/kaggle/input/datasets/anaghabpoojari11/surgbench/Needle_Passing/Needle_Passing/video/Needle_Passing_E005_capture2.avi,2644,2978,G2
Needle_Passing,Needle_Passing_E005,E,/kaggle/input/datasets/anaghabpoojari11/surgbench/Needle_Passing/Needle_Passing/video/Needle_Passing_E005_capture2.avi,2979,3051,G3
Needle_Passing,Needle_Passing_E005,E,/kaggle/input/datasets/anaghabpoojari11/surgbench/Needle_Passing/Needle_Passing/video/Needle_Passing_E005_capture2.avi,3052,3129,G6
Needle_Passing,Needle_Passing_E005,E,/kaggle/input/datasets/anaghabpoojari11/surgbench/Needle_Passing/Needle_Passing/video/Needle_Passing_E005_capture2.avi,3130,3326,G11
Needle_Passing,Needle_Passing_D005,D,/kaggle/input/datasets/anaghabpoojari11/surgbench/Needle_Passing/Needle_Passing/video/Needle_Passing_D005_capture2.avi,1,84,G1
Needle_Passing,Needle_Passing_D005,D,/kaggle/input/datasets/anaghabpoojari11/surgbench/Needle_Passing/Needle_Passing/video/Needle_Passing_D005_capture2.avi,85,159,G5
Needle_Passing,Needle_Passing_D005,D,/kaggle/input/datasets/anaghabpoojari11/surgbench/Needle_Passing/Needle_Passing/video/Needle_Passing_D005_capture2.avi,160,208,G1
Needle_Passing,Needle_Passing_D005,D,/kaggle/input/datasets/anaghabpoojari11/surgbench/Needle_Passing/Needle_Passing/video/Needle_Passing_D005_capture2.avi,209,383,G5
Needle_Passing,Needle_Passing_D005,D,/kaggle/input/datasets/anaghabpoojari11/surgbench/Needle_Passing/Needle_Passing/video/Needle_Passing_D005_capture2.avi,384,561,G8
Needle_Passing,Needle_Passing_D005,D,/kaggle/input/datasets/anaghabpoojari11/surgbench/Needle_Passing/Needle_Passing/video/Needle_Passing_D005_capture2.avi,562,666,G2
Needle_Passing,Needle_Passing_D005,D,/kaggle/input/datasets/anaghabpoojari11/surgbench/Needle_Passing/Needle_Passing/video/Needle_Passing_D005_capture2.avi,667,723,G3
Needle_Passing,Needle_Passing_D005,D,/kaggle/input/datasets/anaghabpoojari11/surgbench/Needle_Passing/Needle_Passing/video/Needle_Passing_D005_capture2.avi,724,799,G6
Needle_Passing,Needle_Passing_D005,D,/kaggle/input/datasets/anaghabpoojari11/surgbench/Needle_Passing/Needle_Passing/video/Needle_Passing_D005_capture2.avi,800,875,G4
Needle_Passing,Needle_Passing_D005,D,/kaggle/input/datasets/anaghabpoojari11/surgbench/Needle_Passing/Needle_Passing/video/Needle_Passing_D005_capture2.avi,876,1101,G2
Needle_Passing,Needle_Passing_D005,D,/kaggle/input/datasets/anaghabpoojari11/surgbench/Needle_Passing/Needle_Passing/video/Needle_Passing_D005_capture2.avi,1102,1156,G3
Needle_Passing,Needle_Passing_D005,D,/kaggle/input/datasets/anaghabpoojari11/surgbench/Needle_Passing/Needle_Passing/video/Needle_Passing_D005_capture2.avi,1157,1185,G6
Needle_Passing,Needle_Passing_D005,D,/kaggle/input/datasets/anaghabpoojari11/surgbench/Needle_Passing/Needle_Passing/video/Needle_Passing_D005_capture2.avi,1186,1268,G4
Needle_Passing,Needle_Passing_D005,D,/kaggle/input/datasets/anaghabpoojari11/surgbench/Needle_Passing/Needle_Passing/video/Needle_Passing_D005_capture2.avi,1269,1464,G2
Needle_Passing,Needle_Passing_D005,D,/kaggle/input/datasets/anaghabpoojari11/surgbench/Needle_Passing/Needle_Passing/video/Needle_Passing_D005_capture2.avi,1465,1523,G3
Needle_Passing,Needle_Passing_D005,D,/kaggle/input/datasets/anaghabpoojari11/surgbench/Needle_Passing/Needle_Passing/video/Needle_Passing_D005_capture2.avi,1524,1568,G6
Needle_Passing,Needle_Passing_D005,D,/kaggle/input/datasets/anaghabpoojari11/surgbench/Needle_Passing/Needle_Passing/video/Needle_Passing_D005_capture2.avi,1569,1625,G4
Needle_Passing,Needle_Passing_D005,D,/kaggle/input/datasets/anaghabpoojari11/surgbench/Needle_Passing/Needle_Passing/video/Needle_Passing_D005_capture2.avi,1626,1733,G2
Needle_Passing,Needle_Passing_D005,D,/kaggle/input/datasets/anaghabpoojari11/surgbench/Needle_Passing/Needle_Passing/video/Needle_Passing_D005_capture2.avi,1734,1779,G3
Needle_Passing,Needle_Passing_D005,D,/kaggle/input/datasets/anaghabpoojari11/surgbench/Needle_Passing/Needle_Passing/video/Needle_Passing_D005_capture2.avi,1780,1854,G6
Needle_Passing,Needle_Passing_D005,D,/kaggle/input/datasets/anaghabpoojari11/surgbench/Needle_Passing/Needle_Passing/video/Needle_Passing_D005_capture2.avi,1855,1962,G11
Needle_Passing,Needle_Passing_B002,B,/kaggle/input/datasets/anaghabpoojari11/surgbench/Needle_Passing/Needle_Passing/video/Needle_Passing_B002_capture2.avi,32,337,G1
Needle_Passing,Needle_Passing_B002,B,/kaggle/input/datasets/anaghabpoojari11/surgbench/Needle_Passing/Needle_Passing/video/Needle_Passing_B002_capture2.avi,338,522,G2
Needle_Passing,Needle_Passing_B002,B,/kaggle/input/datasets/anaghabpoojari11/surgbench/Needle_Passing/Needle_Passing/video/Needle_Passing_B002_capture2.avi,523,625,G3
Needle_Passing,Needle_Passing_B002,B,/kaggle/input/datasets/anaghabpoojari11/surgbench/Needle_Passing/Needle_Passing/video/Needle_Passing_B002_capture2.avi,626,1132,G6
Needle_Passing,Needle_Passing_B002,B,/kaggle/input/datasets/anaghabpoojari11/surgbench/Needle_Passing/Needle_Passing/video/Needle_Passing_B002_capture2.avi,1133,1301,G4
Needle_Passing,Needle_Passing_B002,B,/kaggle/input/datasets/anaghabpoojari11/surgbench/Needle_Passing/Needle_Passing/video/Needle_Passing_B002_capture2.avi,1302,1471,G2
Needle_Passing,Needle_Passing_B002,B,/kaggle/input/datasets/anaghabpoojari11/surgbench/Needle_Passing/Needle_Passing/video/Needle_Passing_B002_capture2.avi,1472,1531,G3
Needle_Passing,Needle_Passing_B002,B,/kaggle/input/datasets/anaghabpoojari11/surgbench/Needle_Passing/Needle_Passing/video/Needle_Passing_B002_capture2.avi,1532,1688,G6
Needle_Passing,Needle_Passing_B002,B,/kaggle/input/datasets/anaghabpoojari11/surgbench/Needle_Passing/Needle_Passing/video/Needle_Passing_B002_capture2.avi,1689,1800,G4
Needle_Passing,Needle_Passing_B002,B,/kaggle/input/datasets/anaghabpoojari11/surgbench/Needle_Passing/Needle_Passing/video/Needle_Passing_B002_capture2.avi,1801,2099,G2
Needle_Passing,Needle_Passing_B002,B,/kaggle/input/datasets/anaghabpoojari11/surgbench/Needle_Passing/Needle_Passing/video/Needle_Passing_B002_capture2.avi,2100,2371,G3
Needle_Passing,Needle_Passing_B002,B,/kaggle/input/datasets/anaghabpoojari11/surgbench/Needle_Passing/Needle_Passing/video/Needle_Passing_B002_capture2.avi,2372,2470,G6
Needle_Passing,Needle_Passing_B002,B,/kaggle/input/datasets/anaghabpoojari11/surgbench/Needle_Passing/Needle_Passing/video/Needle_Passing_B002_capture2.avi,2471,2577,G4
Needle_Passing,Needle_Passing_B002,B,/kaggle/input/datasets/anaghabpoojari11/surgbench/Needle_Passing/Needle_Passing/video/Needle_Passing_B002_capture2.avi,2578,2733,G2
Needle_Passing,Needle_Passing_B002,B,/kaggle/input/datasets/anaghabpoojari11/surgbench/Needle_Passing/Needle_Passing/video/Needle_Passing_B002_capture2.avi,2734,2807,G3
Needle_Passing,Needle_Passing_B002,B,/kaggle/input/datasets/anaghabpoojari11/surgbench/Needle_Passing/Needle_Passing/video/Needle_Passing_B002_capture2.avi,2808,2931,G6
Needle_Passing,Needle_Passing_B002,B,/kaggle/input/datasets/anaghabpoojari11/surgbench/Needle_Passing/Needle_Passing/video/Needle_Passing_B002_capture2.avi,2932,3080,G11
Needle_Passing,Needle_Passing_C001,C,/kaggle/input/datasets/anaghabpoojari11/surgbench/Needle_Passing/Needle_Passing/video/Needle_Passing_C001_capture2.avi,27,65,G1
Needle_Passing,Needle_Passing_C001,C,/kaggle/input/datasets/anaghabpoojari11/surgbench/Needle_Passing/Needle_Passing/video/Needle_Passing_C001_capture2.avi,66,156,G5
Needle_Passing,Needle_Passing_C001,C,/kaggle/input/datasets/anaghabpoojari11/surgbench/Needle_Passing/Needle_Passing/video/Needle_Passing_C001_capture2.avi,157,315,G8
Needle_Passing,Needle_Passing_C001,C,/kaggle/input/datasets/anaghabpoojari11/surgbench/Needle_Passing/Needle_Passing/video/Needle_Passing_C001_capture2.avi,316,485,G2
Needle_Passing,Needle_Passing_C001,C,/kaggle/input/datasets/anaghabpoojari11/surgbench/Needle_Passing/Needle_Passing/video/Needle_Passing_C001_capture2.avi,486,553,G3
Needle_Passing,Needle_Passing_C001,C,/kaggle/input/datasets/anaghabpoojari11/surgbench/Needle_Passing/Needle_Passing/video/Needle_Passing_C001_capture2.avi,554,635,G6
Needle_Passing,Needle_Passing_C001,C,/kaggle/input/datasets/anaghabpoojari11/surgbench/Needle_Passing/Needle_Passing/video/Needle_Passing_C001_capture2.avi,636,701,G4
Needle_Passing,Needle_Passing_C001,C,/kaggle/input/datasets/anaghabpoojari11/surgbench/Needle_Passing/Needle_Passing/video/Needle_Passing_C001_capture2.avi,702,1826,G2
Needle_Passing,Needle_Passing_C001,C,/kaggle/input/datasets/anaghabpoojari11/surgbench/Needle_Passing/Needle_Passing/video/Needle_Passing_C001_capture2.avi,1827,1931,G3
Needle_Passing,Needle_Passing_C001,C,/kaggle/input/datasets/anaghabpoojari11/surgbench/Needle_Passing/Needle_Passing/video/Needle_Passing_C001_capture2.avi,1932,2149,G6
Needle_Passing,Needle_Passing_C001,C,/kaggle/input/datasets/anaghabpoojari11/surgbench/Needle_Passing/Needle_Passing/video/Needle_Passing_C001_capture2.avi,2150,2236,G4
Needle_Passing,Needle_Passing_C001,C,/kaggle/input/datasets/anaghabpoojari11/surgbench/Needle_Passing/Needle_Passing/video/Needle_Passing_C001_capture2.avi,2237,2428,G2
Needle_Passing,Needle_Passing_C001,C,/kaggle/input/datasets/anaghabpoojari11/surgbench/Needle_Passing/Needle_Passing/video/Needle_Passing_C001_capture2.avi,2429,2503,G3
Needle_Passing,Needle_Passing_C001,C,/kaggle/input/datasets/anaghabpoojari11/surgbench/Needle_Passing/Needle_Passing/video/Needle_Passing_C001_capture2.avi,2504,2603,G6
Needle_Passing,Needle_Passing_C001,C,/kaggle/input/datasets/anaghabpoojari11/surgbench/Needle_Passing/Needle_Passing/video/Needle_Passing_C001_capture2.avi,2604,2675,G4
Needle_Passing,Needle_Passing_C001,C,/kaggle/input/datasets/anaghabpoojari11/surgbench/Needle_Passing/Needle_Passing/video/Needle_Passing_C001_capture2.avi,2676,3072,G2
Needle_Passing,Needle_Passing_C001,C,/kaggle/input/datasets/anaghabpoojari11/surgbench/Needle_Passing/Needle_Passing/video/Needle_Passing_C001_capture2.avi,3073,3182,G3
Needle_Passing,Needle_Passing_C001,C,/kaggle/input/datasets/anaghabpoojari11/surgbench/Needle_Passing/Needle_Passing/video/Needle_Passing_C001_capture2.avi,3183,3396,G6
Needle_Passing,Needle_Passing_C001,C,/kaggle/input/datasets/anaghabpoojari11/surgbench/Needle_Passing/Needle_Passing/video/Needle_Passing_C001_capture2.avi,3397,3560,G4
Needle_Passing,Needle_Passing_C001,C,/kaggle/input/datasets/anaghabpoojari11/surgbench/Needle_Passing/Needle_Passing/video/Needle_Passing_C001_capture2.avi,3561,3912,G2
Needle_Passing,Needle_Passing_C001,C,/kaggle/input/datasets/anaghabpoojari11/surgbench/Needle_Passing/Needle_Passing/video/Needle_Passing_C001_capture2.avi,3913,4001,G3
Needle_Passing,Needle_Passing_C001,C,/kaggle/input/datasets/anaghabpoojari11/surgbench/Needle_Passing/Needle_Passing/video/Needle_Passing_C001_capture2.avi,4002,4188,G6
Needle_Passing,Needle_Passing_C001,C,/kaggle/input/datasets/anaghabpoojari11/surgbench/Needle_Passing/Needle_Passing/video/Needle_Passing_C001_capture2.avi,4189,4313,G11
Needle_Passing,Needle_Passing_D003,D,/kaggle/input/datasets/anaghabpoojari11/surgbench/Needle_Passing/Needle_Passing/video/Needle_Passing_D003_capture2.avi,50,116,G1
Needle_Passing,Needle_Passing_D003,D,/kaggle/input/datasets/anaghabpoojari11/surgbench/Needle_Passing/Needle_Passing/video/Needle_Passing_D003_capture2.avi,117,247,G5
Needle_Passing,Needle_Passing_D003,D,/kaggle/input/datasets/anaghabpoojari11/surgbench/Needle_Passing/Needle_Passing/video/Needle_Passing_D003_capture2.avi,248,367,G8
Needle_Passing,Needle_Passing_D003,D,/kaggle/input/datasets/anaghabpoojari11/surgbench/Needle_Passing/Needle_Passing/video/Needle_Passing_D003_capture2.avi,368,798,G2
Needle_Passing,Needle_Passing_D003,D,/kaggle/input/datasets/anaghabpoojari11/surgbench/Needle_Passing/Needle_Passing/video/Needle_Passing_D003_capture2.avi,799,825,G6
Needle_Passing,Needle_Passing_D003,D,/kaggle/input/datasets/anaghabpoojari11/surgbench/Needle_Passing/Needle_Passing/video/Needle_Passing_D003_capture2.avi,826,1000,G10
Needle_Passing,Needle_Passing_D003,D,/kaggle/input/datasets/anaghabpoojari11/surgbench/Needle_Passing/Needle_Passing/video/Needle_Passing_D003_capture2.avi,1001,1047,G1
Needle_Passing,Needle_Passing_D003,D,/kaggle/input/datasets/anaghabpoojari11/surgbench/Needle_Passing/Needle_Passing/video/Needle_Passing_D003_capture2.avi,1048,1198,G5
Needle_Passing,Needle_Passing_D003,D,/kaggle/input/datasets/anaghabpoojari11/surgbench/Needle_Passing/Needle_Passing/video/Needle_Passing_D003_capture2.avi,1199,1529,G8
Needle_Passing,Needle_Passing_D003,D,/kaggle/input/datasets/anaghabpoojari11/surgbench/Needle_Passing/Needle_Passing/video/Needle_Passing_D003_capture2.avi,1530,1839,G2
Needle_Passing,Needle_Passing_D003,D,/kaggle/input/datasets/anaghabpoojari11/surgbench/Needle_Passing/Needle_Passing/video/Needle_Passing_D003_capture2.avi,1840,1994,G3
Needle_Passing,Needle_Passing_D003,D,/kaggle/input/datasets/anaghabpoojari11/surgbench/Needle_Passing/Needle_Passing/video/Needle_Passing_D003_capture2.avi,1995,2125,G6
Needle_Passing,Needle_Passing_D003,D,/kaggle/input/datasets/anaghabpoojari11/surgbench/Needle_Passing/Needle_Passing/video/Needle_Passing_D003_capture2.avi,2126,2199,G4
Needle_Passing,Needle_Passing_D003,D,/kaggle/input/datasets/anaghabpoojari11/surgbench/Needle_Passing/Needle_Passing/video/Needle_Passing_D003_capture2.avi,2200,2335,G2
Needle_Passing,Needle_Passing_D003,D,/kaggle/input/datasets/anaghabpoojari11/surgbench/Needle_Passing/Needle_Passing/video/Needle_Passing_D003_capture2.avi,2336,2382,G3
Needle_Passing,Needle_Passing_D003,D,/kaggle/input/datasets/anaghabpoojari11/surgbench/Needle_Passing/Needle_Passing/video/Needle_Passing_D003_capture2.avi,2383,2471,G6
Needle_Passing,Needle_Passing_D003,D,/kaggle/input/datasets/anaghabpoojari11/surgbench/Needle_Passing/Needle_Passing/video/Needle_Passing_D003_capture2.avi,2472,2552,G4
Needle_Passing,Needle_Passing_D003,D,/kaggle/input/datasets/anaghabpoojari11/surgbench/Needle_Passing/Needle_Passing/video/Needle_Passing_D003_capture2.avi,2553,2709,G2
Needle_Passing,Needle_Passing_D003,D,/kaggle/input/datasets/anaghabpoojari11/surgbench/Needle_Passing/Needle_Passing/video/Needle_Passing_D003_capture2.avi,2710,2786,G3
Needle_Passing,Needle_Passing_D003,D,/kaggle/input/datasets/anaghabpoojari11/surgbench/Needle_Passing/Needle_Passing/video/Needle_Passing_D003_capture2.avi,2787,2871,G6
Needle_Passing,Needle_Passing_D003,D,/kaggle/input/datasets/anaghabpoojari11/surgbench/Needle_Passing/Needle_Passing/video/Needle_Passing_D003_capture2.avi,2872,2983,G4
Needle_Passing,Needle_Passing_D001,D,/kaggle/input/datasets/anaghabpoojari11/surgbench/Needle_Passing/Needle_Passing/video/Needle_Passing_D001_capture2.avi,46,113,G1
Needle_Passing,Needle_Passing_D001,D,/kaggle/input/datasets/anaghabpoojari11/surgbench/Needle_Passing/Needle_Passing/video/Needle_Passing_D001_capture2.avi,114,427,G5
Needle_Passing,Needle_Passing_D001,D,/kaggle/input/datasets/anaghabpoojari11/surgbench/Needle_Passing/Needle_Passing/video/Needle_Passing_D001_capture2.avi,428,606,G1
Needle_Passing,Needle_Passing_D001,D,/kaggle/input/datasets/anaghabpoojari11/surgbench/Needle_Passing/Needle_Passing/video/Needle_Passing_D001_capture2.avi,607,936,G2
Needle_Passing,Needle_Passing_D001,D,/kaggle/input/datasets/anaghabpoojari11/surgbench/Needle_Passing/Needle_Passing/video/Needle_Passing_D001_capture2.avi,937,978,G3
Needle_Passing,Needle_Passing_D001,D,/kaggle/input/datasets/anaghabpoojari11/surgbench/Needle_Passing/Needle_Passing/video/Needle_Passing_D001_capture2.avi,979,1122,G6
Needle_Passing,Needle_Passing_D001,D,/kaggle/input/datasets/anaghabpoojari11/surgbench/Needle_Passing/Needle_Passing/video/Needle_Passing_D001_capture2.avi,1123,1188,G4
Needle_Passing,Needle_Passing_D001,D,/kaggle/input/datasets/anaghabpoojari11/surgbench/Needle_Passing/Needle_Passing/video/Needle_Passing_D001_capture2.avi,1189,1596,G2
Needle_Passing,Needle_Passing_D001,D,/kaggle/input/datasets/anaghabpoojari11/surgbench/Needle_Passing/Needle_Passing/video/Needle_Passing_D001_capture2.avi,1597,1669,G3
Needle_Passing,Needle_Passing_D001,D,/kaggle/input/datasets/anaghabpoojari11/surgbench/Needle_Passing/Needle_Passing/video/Needle_Passing_D001_capture2.avi,1670,1710,G6
Needle_Passing,Needle_Passing_D001,D,/kaggle/input/datasets/anaghabpoojari11/surgbench/Needle_Passing/Needle_Passing/video/Needle_Passing_D001_capture2.avi,1711,1763,G4
Needle_Passing,Needle_Passing_D001,D,/kaggle/input/datasets/anaghabpoojari11/surgbench/Needle_Passing/Needle_Passing/video/Needle_Passing_D001_capture2.avi,1764,2068,G2
Needle_Passing,Needle_Passing_D001,D,/kaggle/input/datasets/anaghabpoojari11/surgbench/Needle_Passing/Needle_Passing/video/Needle_Passing_D001_capture2.avi,2069,2153,G3
Needle_Passing,Needle_Passing_D001,D,/kaggle/input/datasets/anaghabpoojari11/surgbench/Needle_Passing/Needle_Passing/video/Needle_Passing_D001_capture2.avi,2154,2234,G6
Needle_Passing,Needle_Passing_D001,D,/kaggle/input/datasets/anaghabpoojari11/surgbench/Needle_Passing/Needle_Passing/video/Needle_Passing_D001_capture2.avi,2235,2303,G4
Needle_Passing,Needle_Passing_D001,D,/kaggle/input/datasets/anaghabpoojari11/surgbench/Needle_Passing/Needle_Passing/video/Needle_Passing_D001_capture2.avi,2304,2408,G5
Needle_Passing,Needle_Passing_D001,D,/kaggle/input/datasets/anaghabpoojari11/surgbench/Needle_Passing/Needle_Passing/video/Needle_Passing_D001_capture2.avi,2409,2487,G8
Needle_Passing,Needle_Passing_D001,D,/kaggle/input/datasets/anaghabpoojari11/surgbench/Needle_Passing/Needle_Passing/video/Needle_Passing_D001_capture2.avi,2488,3049,G2
Needle_Passing,Needle_Passing_D001,D,/kaggle/input/datasets/anaghabpoojari11/surgbench/Needle_Passing/Needle_Passing/video/Needle_Passing_D001_capture2.avi,3050,3228,G5
Needle_Passing,Needle_Passing_D001,D,/kaggle/input/datasets/anaghabpoojari11/surgbench/Needle_Passing/Needle_Passing/video/Needle_Passing_D001_capture2.avi,3229,3308,G8
Needle_Passing,Needle_Passing_D001,D,/kaggle/input/datasets/anaghabpoojari11/surgbench/Needle_Passing/Needle_Passing/video/Needle_Passing_D001_capture2.avi,3309,3474,G2
Needle_Passing,Needle_Passing_D001,D,/kaggle/input/datasets/anaghabpoojari11/surgbench/Needle_Passing/Needle_Passing/video/Needle_Passing_D001_capture2.avi,3475,3614,G3
Needle_Passing,Needle_Passing_D001,D,/kaggle/input/datasets/anaghabpoojari11/surgbench/Needle_Passing/Needle_Passing/video/Needle_Passing_D001_capture2.avi,3615,3659,G6
Needle_Passing,Needle_Passing_D001,D,/kaggle/input/datasets/anaghabpoojari11/surgbench/Needle_Passing/Needle_Passing/video/Needle_Passing_D001_capture2.avi,3660,3750,G4
Needle_Passing,Needle_Passing_D001,D,/kaggle/input/datasets/anaghabpoojari11/surgbench/Needle_Passing/Needle_Passing/video/Needle_Passing_D001_capture2.avi,3751,3863,G2
Needle_Passing,Needle_Passing_D001,D,/kaggle/input/datasets/anaghabpoojari11/surgbench/Needle_Passing/Needle_Passing/video/Needle_Passing_D001_capture2.avi,3864,3902,G3
Needle_Passing,Needle_Passing_D001,D,/kaggle/input/datasets/anaghabpoojari11/surgbench/Needle_Passing/Needle_Passing/video/Needle_Passing_D001_capture2.avi,3903,4026,G5
Needle_Passing,Needle_Passing_D001,D,/kaggle/input/datasets/anaghabpoojari11/surgbench/Needle_Passing/Needle_Passing/video/Needle_Passing_D001_capture2.avi,4027,4651,G6
Needle_Passing,Needle_Passing_I004,I,/kaggle/input/datasets/anaghabpoojari11/surgbench/Needle_Passing/Needle_Passing/video/Needle_Passing_I004_capture2.avi,12,238,G1
Needle_Passing,Needle_Passing_I004,I,/kaggle/input/datasets/anaghabpoojari11/surgbench/Needle_Passing/Needle_Passing/video/Needle_Passing_I004_capture2.avi,239,437,G5
Needle_Passing,Needle_Passing_I004,I,/kaggle/input/datasets/anaghabpoojari11/surgbench/Needle_Passing/Needle_Passing/video/Needle_Passing_I004_capture2.avi,438,673,G8
Needle_Passing,Needle_Passing_I004,I,/kaggle/input/datasets/anaghabpoojari11/surgbench/Needle_Passing/Needle_Passing/video/Needle_Passing_I004_capture2.avi,674,925,G2
Needle_Passing,Needle_Passing_I004,I,/kaggle/input/datasets/anaghabpoojari11/surgbench/Needle_Passing/Needle_Passing/video/Needle_Passing_I004_capture2.avi,926,1061,G3
Needle_Passing,Needle_Passing_I004,I,/kaggle/input/datasets/anaghabpoojari11/surgbench/Needle_Passing/Needle_Passing/video/Needle_Passing_I004_capture2.avi,1062,1335,G6
Needle_Passing,Needle_Passing_I004,I,/kaggle/input/datasets/anaghabpoojari11/surgbench/Needle_Passing/Needle_Passing/video/Needle_Passing_I004_capture2.avi,1336,1576,G4
Needle_Passing,Needle_Passing_I004,I,/kaggle/input/datasets/anaghabpoojari11/surgbench/Needle_Passing/Needle_Passing/video/Needle_Passing_I004_capture2.avi,1577,1838,G2
Needle_Passing,Needle_Passing_I004,I,/kaggle/input/datasets/anaghabpoojari11/surgbench/Needle_Passing/Needle_Passing/video/Needle_Passing_I004_capture2.avi,1839,2025,G3
Needle_Passing,Needle_Passing_I004,I,/kaggle/input/datasets/anaghabpoojari11/surgbench/Needle_Passing/Needle_Passing/video/Needle_Passing_I004_capture2.avi,2026,2306,G6
Needle_Passing,Needle_Passing_I004,I,/kaggle/input/datasets/anaghabpoojari11/surgbench/Needle_Passing/Needle_Passing/video/Needle_Passing_I004_capture2.avi,2307,2424,G4
Needle_Passing,Needle_Passing_I004,I,/kaggle/input/datasets/anaghabpoojari11/surgbench/Needle_Passing/Needle_Passing/video/Needle_Passing_I004_capture2.avi,2425,2712,G2
Needle_Passing,Needle_Passing_I004,I,/kaggle/input/datasets/anaghabpoojari11/surgbench/Needle_Passing/Needle_Passing/video/Needle_Passing_I004_capture2.avi,2713,2870,G3
Needle_Passing,Needle_Passing_I004,I,/kaggle/input/datasets/anaghabpoojari11/surgbench/Needle_Passing/Needle_Passing/video/Needle_Passing_I004_capture2.avi,2871,3173,G6
Needle_Passing,Needle_Passing_I004,I,/kaggle/input/datasets/anaghabpoojari11/surgbench/Needle_Passing/Needle_Passing/video/Needle_Passing_I004_capture2.avi,3174,3244,G4
Needle_Passing,Needle_Passing_I004,I,/kaggle/input/datasets/anaghabpoojari11/surgbench/Needle_Passing/Needle_Passing/video/Needle_Passing_I004_capture2.avi,3245,3662,G2
Needle_Passing,Needle_Passing_I004,I,/kaggle/input/datasets/anaghabpoojari11/surgbench/Needle_Passing/Needle_Passing/video/Needle_Passing_I004_capture2.avi,3663,3734,G3
Needle_Passing,Needle_Passing_I004,I,/kaggle/input/datasets/anaghabpoojari11/surgbench/Needle_Passing/Needle_Passing/video/Needle_Passing_I004_capture2.avi,3735,3874,G6
Needle_Passing,Needle_Passing_I004,I,/kaggle/input/datasets/anaghabpoojari11/surgbench/Needle_Passing/Needle_Passing/video/Needle_Passing_I004_capture2.avi,3875,3978,G11
Needle_Passing,Needle_Passing_F003,F,/kaggle/input/datasets/anaghabpoojari11/surgbench/Needle_Passing/Needle_Passing/video/Needle_Passing_F003_capture2.avi,1,18,G1
Needle_Passing,Needle_Passing_F003,F,/kaggle/input/datasets/anaghabpoojari11/surgbench/Needle_Passing/Needle_Passing/video/Needle_Passing_F003_capture2.avi,19,204,G5
Needle_Passing,Needle_Passing_F003,F,/kaggle/input/datasets/anaghabpoojari11/surgbench/Needle_Passing/Needle_Passing/video/Needle_Passing_F003_capture2.avi,205,297,G8
Needle_Passing,Needle_Passing_F003,F,/kaggle/input/datasets/anaghabpoojari11/surgbench/Needle_Passing/Needle_Passing/video/Needle_Passing_F003_capture2.avi,298,801,G2
Needle_Passing,Needle_Passing_F003,F,/kaggle/input/datasets/anaghabpoojari11/surgbench/Needle_Passing/Needle_Passing/video/Needle_Passing_F003_capture2.avi,802,921,G3
Needle_Passing,Needle_Passing_F003,F,/kaggle/input/datasets/anaghabpoojari11/surgbench/Needle_Passing/Needle_Passing/video/Needle_Passing_F003_capture2.avi,922,986,G6
Needle_Passing,Needle_Passing_F003,F,/kaggle/input/datasets/anaghabpoojari11/surgbench/Needle_Passing/Needle_Passing/video/Needle_Passing_F003_capture2.avi,987,1066,G4
Needle_Passing,Needle_Passing_F003,F,/kaggle/input/datasets/anaghabpoojari11/surgbench/Needle_Passing/Needle_Passing/video/Needle_Passing_F003_capture2.avi,1067,1201,G2
Needle_Passing,Needle_Passing_F003,F,/kaggle/input/datasets/anaghabpoojari11/surgbench/Needle_Passing/Needle_Passing/video/Needle_Passing_F003_capture2.avi,1202,1271,G3
Needle_Passing,Needle_Passing_F003,F,/kaggle/input/datasets/anaghabpoojari11/surgbench/Needle_Passing/Needle_Passing/video/Needle_Passing_F003_capture2.avi,1272,1348,G6
Needle_Passing,Needle_Passing_F003,F,/kaggle/input/datasets/anaghabpoojari11/surgbench/Needle_Passing/Needle_Passing/video/Needle_Passing_F003_capture2.avi,1349,1432,G4
Needle_Passing,Needle_Passing_F003,F,/kaggle/input/datasets/anaghabpoojari11/surgbench/Needle_Passing/Needle_Passing/video/Needle_Passing_F003_capture2.avi,1433,1666,G2
Needle_Passing,Needle_Passing_F003,F,/kaggle/input/datasets/anaghabpoojari11/surgbench/Needle_Passing/Needle_Passing/video/Needle_Passing_F003_capture2.avi,1667,1730,G3
Needle_Passing,Needle_Passing_F003,F,/kaggle/input/datasets/anaghabpoojari11/surgbench/Needle_Passing/Needle_Passing/video/Needle_Passing_F003_capture2.avi,1731,1768,G6
Needle_Passing,Needle_Passing_F003,F,/kaggle/input/datasets/anaghabpoojari11/surgbench/Needle_Passing/Needle_Passing/video/Needle_Passing_F003_capture2.avi,1769,1831,G4
Needle_Passing,Needle_Passing_F003,F,/kaggle/input/datasets/anaghabpoojari11/surgbench/Needle_Passing/Needle_Passing/video/Needle_Passing_F003_capture2.avi,1832,2099,G2
Needle_Passing,Needle_Passing_F003,F,/kaggle/input/datasets/anaghabpoojari11/surgbench/Needle_Passing/Needle_Passing/video/Needle_Passing_F003_capture2.avi,2100,2169,G3
Needle_Passing,Needle_Passing_F003,F,/kaggle/input/datasets/anaghabpoojari11/surgbench/Needle_Passing/Needle_Passing/video/Needle_Passing_F003_capture2.avi,2170,2214,G6
Needle_Passing,Needle_Passing_F003,F,/kaggle/input/datasets/anaghabpoojari11/surgbench/Needle_Passing/Needle_Passing/video/Needle_Passing_F003_capture2.avi,2215,2267,G11
Needle_Passing,Needle_Passing_C002,C,/kaggle/input/datasets/anaghabpoojari11/surgbench/Needle_Passing/Needle_Passing/video/Needle_Passing_C002_capture2.avi,50,141,G1
Needle_Passing,Needle_Passing_C002,C,/kaggle/input/datasets/anaghabpoojari11/surgbench/Needle_Passing/Needle_Passing/video/Needle_Passing_C002_capture2.avi,142,247,G5
Needle_Passing,Needle_Passing_C002,C,/kaggle/input/datasets/anaghabpoojari11/surgbench/Needle_Passing/Needle_Passing/video/Needle_Passing_C002_capture2.avi,248,472,G8
Needle_Passing,Needle_Passing_C002,C,/kaggle/input/datasets/anaghabpoojari11/surgbench/Needle_Passing/Needle_Passing/video/Needle_Passing_C002_capture2.avi,473,616,G2
Needle_Passing,Needle_Passing_C002,C,/kaggle/input/datasets/anaghabpoojari11/surgbench/Needle_Passing/Needle_Passing/video/Needle_Passing_C002_capture2.avi,617,762,G3
Needle_Passing,Needle_Passing_C002,C,/kaggle/input/datasets/anaghabpoojari11/surgbench/Needle_Passing/Needle_Passing/video/Needle_Passing_C002_capture2.avi,763,963,G6
Needle_Passing,Needle_Passing_C002,C,/kaggle/input/datasets/anaghabpoojari11/surgbench/Needle_Passing/Needle_Passing/video/Needle_Passing_C002_capture2.avi,964,1029,G4
Needle_Passing,Needle_Passing_C002,C,/kaggle/input/datasets/anaghabpoojari11/surgbench/Needle_Passing/Needle_Passing/video/Needle_Passing_C002_capture2.avi,1030,1386,G2
Needle_Passing,Needle_Passing_C002,C,/kaggle/input/datasets/anaghabpoojari11/surgbench/Needle_Passing/Needle_Passing/video/Needle_Passing_C002_capture2.avi,1387,1429,G3
Needle_Passing,Needle_Passing_C002,C,/kaggle/input/datasets/anaghabpoojari11/surgbench/Needle_Passing/Needle_Passing/video/Needle_Passing_C002_capture2.avi,1430,1497,G6
Needle_Passing,Needle_Passing_C002,C,/kaggle/input/datasets/anaghabpoojari11/surgbench/Needle_Passing/Needle_Passing/video/Needle_Passing_C002_capture2.avi,1498,1633,G4
Needle_Passing,Needle_Passing_C002,C,/kaggle/input/datasets/anaghabpoojari11/surgbench/Needle_Passing/Needle_Passing/video/Needle_Passing_C002_capture2.avi,1634,1880,G2
Needle_Passing,Needle_Passing_C002,C,/kaggle/input/datasets/anaghabpoojari11/surgbench/Needle_Passing/Needle_Passing/video/Needle_Passing_C002_capture2.avi,1881,1943,G3
Needle_Passing,Needle_Passing_C002,C,/kaggle/input/datasets/anaghabpoojari11/surgbench/Needle_Passing/Needle_Passing/video/Needle_Passing_C002_capture2.avi,1944,2000,G6
Needle_Passing,Needle_Passing_C002,C,/kaggle/input/datasets/anaghabpoojari11/surgbench/Needle_Passing/Needle_Passing/video/Needle_Passing_C002_capture2.avi,2001,2066,G4
Needle_Passing,Needle_Passing_C002,C,/kaggle/input/datasets/anaghabpoojari11/surgbench/Needle_Passing/Needle_Passing/video/Needle_Passing_C002_capture2.avi,2067,2635,G2
Needle_Passing,Needle_Passing_C002,C,/kaggle/input/datasets/anaghabpoojari11/surgbench/Needle_Passing/Needle_Passing/video/Needle_Passing_C002_capture2.avi,2636,2740,G8
Needle_Passing,Needle_Passing_C002,C,/kaggle/input/datasets/anaghabpoojari11/surgbench/Needle_Passing/Needle_Passing/video/Needle_Passing_C002_capture2.avi,2741,3358,G2
Needle_Passing,Needle_Passing_C002,C,/kaggle/input/datasets/anaghabpoojari11/surgbench/Needle_Passing/Needle_Passing/video/Needle_Passing_C002_capture2.avi,3359,3445,G3
Needle_Passing,Needle_Passing_C002,C,/kaggle/input/datasets/anaghabpoojari11/surgbench/Needle_Passing/Needle_Passing/video/Needle_Passing_C002_capture2.avi,3446,3497,G6
Needle_Passing,Needle_Passing_C002,C,/kaggle/input/datasets/anaghabpoojari11/surgbench/Needle_Passing/Needle_Passing/video/Needle_Passing_C002_capture2.avi,3498,3613,G11
Needle_Passing,Needle_Passing_B004,B,/kaggle/input/datasets/anaghabpoojari11/surgbench/Needle_Passing/Needle_Passing/video/Needle_Passing_B004_capture2.avi,31,185,G1
Needle_Passing,Needle_Passing_B004,B,/kaggle/input/datasets/anaghabpoojari11/surgbench/Needle_Passing/Needle_Passing/video/Needle_Passing_B004_capture2.avi,186,515,G2
Needle_Passing,Needle_Passing_B004,B,/kaggle/input/datasets/anaghabpoojari11/surgbench/Needle_Passing/Needle_Passing/video/Needle_Passing_B004_capture2.avi,516,686,G3
Needle_Passing,Needle_Passing_B004,B,/kaggle/input/datasets/anaghabpoojari11/surgbench/Needle_Passing/Needle_Passing/video/Needle_Passing_B004_capture2.avi,687,872,G6
Needle_Passing,Needle_Passing_B004,B,/kaggle/input/datasets/anaghabpoojari11/surgbench/Needle_Passing/Needle_Passing/video/Needle_Passing_B004_capture2.avi,873,980,G4
Needle_Passing,Needle_Passing_B004,B,/kaggle/input/datasets/anaghabpoojari11/surgbench/Needle_Passing/Needle_Passing/video/Needle_Passing_B004_capture2.avi,981,1199,G2
Needle_Passing,Needle_Passing_B004,B,/kaggle/input/datasets/anaghabpoojari11/surgbench/Needle_Passing/Needle_Passing/video/Needle_Passing_B004_capture2.avi,1200,1282,G3
Needle_Passing,Needle_Passing_B004,B,/kaggle/input/datasets/anaghabpoojari11/surgbench/Needle_Passing/Needle_Passing/video/Needle_Passing_B004_capture2.avi,1283,1392,G6
Needle_Passing,Needle_Passing_B004,B,/kaggle/input/datasets/anaghabpoojari11/surgbench/Needle_Passing/Needle_Passing/video/Needle_Passing_B004_capture2.avi,1393,1486,G4
Needle_Passing,Needle_Passing_B004,B,/kaggle/input/datasets/anaghabpoojari11/surgbench/Needle_Passing/Needle_Passing/video/Needle_Passing_B004_capture2.avi,1487,1666,G2
Needle_Passing,Needle_Passing_B004,B,/kaggle/input/datasets/anaghabpoojari11/surgbench/Needle_Passing/Needle_Passing/video/Needle_Passing_B004_capture2.avi,1667,1745,G3
Needle_Passing,Needle_Passing_B004,B,/kaggle/input/datasets/anaghabpoojari11/surgbench/Needle_Passing/Needle_Passing/video/Needle_Passing_B004_capture2.avi,1746,1891,G6
Needle_Passing,Needle_Passing_B004,B,/kaggle/input/datasets/anaghabpoojari11/surgbench/Needle_Passing/Needle_Passing/video/Needle_Passing_B004_capture2.avi,1892,2008,G4
Needle_Passing,Needle_Passing_B004,B,/kaggle/input/datasets/anaghabpoojari11/surgbench/Needle_Passing/Needle_Passing/video/Needle_Passing_B004_capture2.avi,2009,2316,G2
Needle_Passing,Needle_Passing_B004,B,/kaggle/input/datasets/anaghabpoojari11/surgbench/Needle_Passing/Needle_Passing/video/Needle_Passing_B004_capture2.avi,2317,2404,G3
Needle_Passing,Needle_Passing_B004,B,/kaggle/input/datasets/anaghabpoojari11/surgbench/Needle_Passing/Needle_Passing/video/Needle_Passing_B004_capture2.avi,2405,2625,G6
Needle_Passing,Needle_Passing_B004,B,/kaggle/input/datasets/anaghabpoojari11/surgbench/Needle_Passing/Needle_Passing/video/Needle_Passing_B004_capture2.avi,2626,2780,G11
Needle_Passing,Needle_Passing_B001,B,/kaggle/input/datasets/anaghabpoojari11/surgbench/Needle_Passing/Needle_Passing/video/Needle_Passing_B001_capture2.avi,166,586,G1
Needle_Passing,Needle_Passing_B001,B,/kaggle/input/datasets/anaghabpoojari11/surgbench/Needle_Passing/Needle_Passing/video/Needle_Passing_B001_capture2.avi,587,794,G2
Needle_Passing,Needle_Passing_B001,B,/kaggle/input/datasets/anaghabpoojari11/surgbench/Needle_Passing/Needle_Passing/video/Needle_Passing_B001_capture2.avi,795,821,G3
Needle_Passing,Needle_Passing_B001,B,/kaggle/input/datasets/anaghabpoojari11/surgbench/Needle_Passing/Needle_Passing/video/Needle_Passing_B001_capture2.avi,822,962,G6
Needle_Passing,Needle_Passing_B001,B,/kaggle/input/datasets/anaghabpoojari11/surgbench/Needle_Passing/Needle_Passing/video/Needle_Passing_B001_capture2.avi,963,1113,G4
Needle_Passing,Needle_Passing_B001,B,/kaggle/input/datasets/anaghabpoojari11/surgbench/Needle_Passing/Needle_Passing/video/Needle_Passing_B001_capture2.avi,1114,1448,G2
Needle_Passing,Needle_Passing_B001,B,/kaggle/input/datasets/anaghabpoojari11/surgbench/Needle_Passing/Needle_Passing/video/Needle_Passing_B001_capture2.avi,1449,1492,G3
Needle_Passing,Needle_Passing_B001,B,/kaggle/input/datasets/anaghabpoojari11/surgbench/Needle_Passing/Needle_Passing/video/Needle_Passing_B001_capture2.avi,1493,1631,G6
Needle_Passing,Needle_Passing_B001,B,/kaggle/input/datasets/anaghabpoojari11/surgbench/Needle_Passing/Needle_Passing/video/Needle_Passing_B001_capture2.avi,1632,1775,G4
Needle_Passing,Needle_Passing_B001,B,/kaggle/input/datasets/anaghabpoojari11/surgbench/Needle_Passing/Needle_Passing/video/Needle_Passing_B001_capture2.avi,1776,2184,G2
Needle_Passing,Needle_Passing_B001,B,/kaggle/input/datasets/anaghabpoojari11/surgbench/Needle_Passing/Needle_Passing/video/Needle_Passing_B001_capture2.avi,2185,2340,G3
Needle_Passing,Needle_Passing_B001,B,/kaggle/input/datasets/anaghabpoojari11/surgbench/Needle_Passing/Needle_Passing/video/Needle_Passing_B001_capture2.avi,2341,2498,G6
Needle_Passing,Needle_Passing_B001,B,/kaggle/input/datasets/anaghabpoojari11/surgbench/Needle_Passing/Needle_Passing/video/Needle_Passing_B001_capture2.avi,2499,2655,G4
Needle_Passing,Needle_Passing_B001,B,/kaggle/input/datasets/anaghabpoojari11/surgbench/Needle_Passing/Needle_Passing/video/Needle_Passing_B001_capture2.avi,2656,2875,G2
Needle_Passing,Needle_Passing_B001,B,/kaggle/input/datasets/anaghabpoojari11/surgbench/Needle_Passing/Needle_Passing/video/Needle_Passing_B001_capture2.avi,2876,2922,G3
Needle_Passing,Needle_Passing_B001,B,/kaggle/input/datasets/anaghabpoojari11/surgbench/Needle_Passing/Needle_Passing/video/Needle_Passing_B001_capture2.avi,2923,3056,G6
Needle_Passing,Needle_Passing_B001,B,/kaggle/input/datasets/anaghabpoojari11/surgbench/Needle_Passing/Needle_Passing/video/Needle_Passing_B001_capture2.avi,3057,3330,G11
Needle_Passing,Needle_Passing_I003,I,/kaggle/input/datasets/anaghabpoojari11/surgbench/Needle_Passing/Needle_Passing/video/Needle_Passing_I003_capture2.avi,120,240,G1
Needle_Passing,Needle_Passing_I003,I,/kaggle/input/datasets/anaghabpoojari11/surgbench/Needle_Passing/Needle_Passing/video/Needle_Passing_I003_capture2.avi,241,415,G5
Needle_Passing,Needle_Passing_I003,I,/kaggle/input/datasets/anaghabpoojari11/surgbench/Needle_Passing/Needle_Passing/video/Needle_Passing_I003_capture2.avi,416,953,G8
Needle_Passing,Needle_Passing_I003,I,/kaggle/input/datasets/anaghabpoojari11/surgbench/Needle_Passing/Needle_Passing/video/Needle_Passing_I003_capture2.avi,954,1599,G2
Needle_Passing,Needle_Passing_I003,I,/kaggle/input/datasets/anaghabpoojari11/surgbench/Needle_Passing/Needle_Passing/video/Needle_Passing_I003_capture2.avi,1600,1796,G3
Needle_Passing,Needle_Passing_I003,I,/kaggle/input/datasets/anaghabpoojari11/surgbench/Needle_Passing/Needle_Passing/video/Needle_Passing_I003_capture2.avi,1797,2192,G6
Needle_Passing,Needle_Passing_I003,I,/kaggle/input/datasets/anaghabpoojari11/surgbench/Needle_Passing/Needle_Passing/video/Needle_Passing_I003_capture2.avi,2193,2314,G4
Needle_Passing,Needle_Passing_I003,I,/kaggle/input/datasets/anaghabpoojari11/surgbench/Needle_Passing/Needle_Passing/video/Needle_Passing_I003_capture2.avi,2315,2671,G2
Needle_Passing,Needle_Passing_I003,I,/kaggle/input/datasets/anaghabpoojari11/surgbench/Needle_Passing/Needle_Passing/video/Needle_Passing_I003_capture2.avi,2672,2777,G3
Needle_Passing,Needle_Passing_I003,I,/kaggle/input/datasets/anaghabpoojari11/surgbench/Needle_Passing/Needle_Passing/video/Needle_Passing_I003_capture2.avi,2778,3204,G6
Needle_Passing,Needle_Passing_I003,I,/kaggle/input/datasets/anaghabpoojari11/surgbench/Needle_Passing/Needle_Passing/video/Needle_Passing_I003_capture2.avi,3205,3390,G4
Needle_Passing,Needle_Passing_I003,I,/kaggle/input/datasets/anaghabpoojari11/surgbench/Needle_Passing/Needle_Passing/video/Needle_Passing_I003_capture2.avi,3391,3855,G2
Needle_Passing,Needle_Passing_I003,I,/kaggle/input/datasets/anaghabpoojari11/surgbench/Needle_Passing/Needle_Passing/video/Needle_Passing_I003_capture2.avi,3856,3912,G3
Needle_Passing,Needle_Passing_I003,I,/kaggle/input/datasets/anaghabpoojari11/surgbench/Needle_Passing/Needle_Passing/video/Needle_Passing_I003_capture2.avi,3913,4069,G6
Needle_Passing,Needle_Passing_I003,I,/kaggle/input/datasets/anaghabpoojari11/surgbench/Needle_Passing/Needle_Passing/video/Needle_Passing_I003_capture2.avi,4070,4194,G4
Needle_Passing,Needle_Passing_I003,I,/kaggle/input/datasets/anaghabpoojari11/surgbench/Needle_Passing/Needle_Passing/video/Needle_Passing_I003_capture2.avi,4195,4449,G2
Needle_Passing,Needle_Passing_I003,I,/kaggle/input/datasets/anaghabpoojari11/surgbench/Needle_Passing/Needle_Passing/video/Needle_Passing_I003_capture2.avi,4450,4500,G3
Needle_Passing,Needle_Passing_I003,I,/kaggle/input/datasets/anaghabpoojari11/surgbench/Needle_Passing/Needle_Passing/video/Needle_Passing_I003_capture2.avi,4501,4660,G6
Needle_Passing,Needle_Passing_I003,I,/kaggle/input/datasets/anaghabpoojari11/surgbench/Needle_Passing/Needle_Passing/video/Needle_Passing_I003_capture2.avi,4661,4761,G11
Needle_Passing,Needle_Passing_B003,B,/kaggle/input/datasets/anaghabpoojari11/surgbench/Needle_Passing/Needle_Passing/video/Needle_Passing_B003_capture2.avi,38,173,G1
Needle_Passing,Needle_Passing_B003,B,/kaggle/input/datasets/anaghabpoojari11/surgbench/Needle_Passing/Needle_Passing/video/Needle_Passing_B003_capture2.avi,174,611,G2
Needle_Passing,Needle_Passing_B003,B,/kaggle/input/datasets/anaghabpoojari11/surgbench/Needle_Passing/Needle_Passing/video/Needle_Passing_B003_capture2.avi,612,715,G3
Needle_Passing,Needle_Passing_B003,B,/kaggle/input/datasets/anaghabpoojari11/surgbench/Needle_Passing/Needle_Passing/video/Needle_Passing_B003_capture2.avi,716,840,G6
Needle_Passing,Needle_Passing_B003,B,/kaggle/input/datasets/anaghabpoojari11/surgbench/Needle_Passing/Needle_Passing/video/Needle_Passing_B003_capture2.avi,841,962,G4
Needle_Passing,Needle_Passing_B003,B,/kaggle/input/datasets/anaghabpoojari11/surgbench/Needle_Passing/Needle_Passing/video/Needle_Passing_B003_capture2.avi,963,1456,G2
Needle_Passing,Needle_Passing_B003,B,/kaggle/input/datasets/anaghabpoojari11/surgbench/Needle_Passing/Needle_Passing/video/Needle_Passing_B003_capture2.avi,1457,1583,G3
Needle_Passing,Needle_Passing_B003,B,/kaggle/input/datasets/anaghabpoojari11/surgbench/Needle_Passing/Needle_Passing/video/Needle_Passing_B003_capture2.avi,1584,1772,G6
Needle_Passing,Needle_Passing_B003,B,/kaggle/input/datasets/anaghabpoojari11/surgbench/Needle_Passing/Needle_Passing/video/Needle_Passing_B003_capture2.avi,1773,2014,G4
Needle_Passing,Needle_Passing_B003,B,/kaggle/input/datasets/anaghabpoojari11/surgbench/Needle_Passing/Needle_Passing/video/Needle_Passing_B003_capture2.avi,2015,2215,G2
Needle_Passing,Needle_Passing_B003,B,/kaggle/input/datasets/anaghabpoojari11/surgbench/Needle_Passing/Needle_Passing/video/Needle_Passing_B003_capture2.avi,2216,2445,G6
Needle_Passing,Needle_Passing_B003,B,/kaggle/input/datasets/anaghabpoojari11/surgbench/Needle_Passing/Needle_Passing/video/Needle_Passing_B003_capture2.avi,2446,2562,G4
Needle_Passing,Needle_Passing_B003,B,/kaggle/input/datasets/anaghabpoojari11/surgbench/Needle_Passing/Needle_Passing/video/Needle_Passing_B003_capture2.avi,2563,2750,G2
Needle_Passing,Needle_Passing_B003,B,/kaggle/input/datasets/anaghabpoojari11/surgbench/Needle_Passing/Needle_Passing/video/Needle_Passing_B003_capture2.avi,2751,2845,G3
Needle_Passing,Needle_Passing_B003,B,/kaggle/input/datasets/anaghabpoojari11/surgbench/Needle_Passing/Needle_Passing/video/Needle_Passing_B003_capture2.avi,2846,2965,G6
Needle_Passing,Needle_Passing_B003,B,/kaggle/input/datasets/anaghabpoojari11/surgbench/Needle_Passing/Needle_Passing/video/Needle_Passing_B003_capture2.avi,2966,3238,G11
Needle_Passing,Needle_Passing_F004,F,/kaggle/input/datasets/anaghabpoojari11/surgbench/Needle_Passing/Needle_Passing/video/Needle_Passing_F004_capture2.avi,1,99,G1
Needle_Passing,Needle_Passing_F004,F,/kaggle/input/datasets/anaghabpoojari11/surgbench/Needle_Passing/Needle_Passing/video/Needle_Passing_F004_capture2.avi,100,299,G5
Needle_Passing,Needle_Passing_F004,F,/kaggle/input/datasets/anaghabpoojari11/surgbench/Needle_Passing/Needle_Passing/video/Needle_Passing_F004_capture2.avi,300,455,G2
Needle_Passing,Needle_Passing_F004,F,/kaggle/input/datasets/anaghabpoojari11/surgbench/Needle_Passing/Needle_Passing/video/Needle_Passing_F004_capture2.avi,456,525,G3
Needle_Passing,Needle_Passing_F004,F,/kaggle/input/datasets/anaghabpoojari11/surgbench/Needle_Passing/Needle_Passing/video/Needle_Passing_F004_capture2.avi,526,581,G6
Needle_Passing,Needle_Passing_F004,F,/kaggle/input/datasets/anaghabpoojari11/surgbench/Needle_Passing/Needle_Passing/video/Needle_Passing_F004_capture2.avi,582,786,G4
Needle_Passing,Needle_Passing_F004,F,/kaggle/input/datasets/anaghabpoojari11/surgbench/Needle_Passing/Needle_Passing/video/Needle_Passing_F004_capture2.avi,787,951,G2
Needle_Passing,Needle_Passing_F004,F,/kaggle/input/datasets/anaghabpoojari11/surgbench/Needle_Passing/Needle_Passing/video/Needle_Passing_F004_capture2.avi,952,1039,G3
Needle_Passing,Needle_Passing_F004,F,/kaggle/input/datasets/anaghabpoojari11/surgbench/Needle_Passing/Needle_Passing/video/Needle_Passing_F004_capture2.avi,1040,1133,G6
Needle_Passing,Needle_Passing_F004,F,/kaggle/input/datasets/anaghabpoojari11/surgbench/Needle_Passing/Needle_Passing/video/Needle_Passing_F004_capture2.avi,1134,1193,G4
Needle_Passing,Needle_Passing_F004,F,/kaggle/input/datasets/anaghabpoojari11/surgbench/Needle_Passing/Needle_Passing/video/Needle_Passing_F004_capture2.avi,1194,1318,G2
Needle_Passing,Needle_Passing_F004,F,/kaggle/input/datasets/anaghabpoojari11/surgbench/Needle_Passing/Needle_Passing/video/Needle_Passing_F004_capture2.avi,1319,1394,G3
Needle_Passing,Needle_Passing_F004,F,/kaggle/input/datasets/anaghabpoojari11/surgbench/Needle_Passing/Needle_Passing/video/Needle_Passing_F004_capture2.avi,1395,1444,G6
Needle_Passing,Needle_Passing_F004,F,/kaggle/input/datasets/anaghabpoojari11/surgbench/Needle_Passing/Needle_Passing/video/Needle_Passing_F004_capture2.avi,1445,1504,G4
Needle_Passing,Needle_Passing_F004,F,/kaggle/input/datasets/anaghabpoojari11/surgbench/Needle_Passing/Needle_Passing/video/Needle_Passing_F004_capture2.avi,1505,1594,G2
Needle_Passing,Needle_Passing_F004,F,/kaggle/input/datasets/anaghabpoojari11/surgbench/Needle_Passing/Needle_Passing/video/Needle_Passing_F004_capture2.avi,1595,1657,G3
Needle_Passing,Needle_Passing_F004,F,/kaggle/input/datasets/anaghabpoojari11/surgbench/Needle_Passing/Needle_Passing/video/Needle_Passing_F004_capture2.avi,1658,1693,G6
Needle_Passing,Needle_Passing_F004,F,/kaggle/input/datasets/anaghabpoojari11/surgbench/Needle_Passing/Needle_Passing/video/Needle_Passing_F004_capture2.avi,1694,1787,G11
Needle_Passing,Needle_Passing_I002,I,/kaggle/input/datasets/anaghabpoojari11/surgbench/Needle_Passing/Needle_Passing/video/Needle_Passing_I002_capture2.avi,82,190,G1
Needle_Passing,Needle_Passing_I002,I,/kaggle/input/datasets/anaghabpoojari11/surgbench/Needle_Passing/Needle_Passing/video/Needle_Passing_I002_capture2.avi,191,509,G5
Needle_Passing,Needle_Passing_I002,I,/kaggle/input/datasets/anaghabpoojari11/surgbench/Needle_Passing/Needle_Passing/video/Needle_Passing_I002_capture2.avi,510,739,G2
Needle_Passing,Needle_Passing_I002,I,/kaggle/input/datasets/anaghabpoojari11/surgbench/Needle_Passing/Needle_Passing/video/Needle_Passing_I002_capture2.avi,740,844,G3
Needle_Passing,Needle_Passing_I002,I,/kaggle/input/datasets/anaghabpoojari11/surgbench/Needle_Passing/Needle_Passing/video/Needle_Passing_I002_capture2.avi,845,994,G6
Needle_Passing,Needle_Passing_I002,I,/kaggle/input/datasets/anaghabpoojari11/surgbench/Needle_Passing/Needle_Passing/video/Needle_Passing_I002_capture2.avi,995,1081,G4
Needle_Passing,Needle_Passing_I002,I,/kaggle/input/datasets/anaghabpoojari11/surgbench/Needle_Passing/Needle_Passing/video/Needle_Passing_I002_capture2.avi,1082,1400,G2
Needle_Passing,Needle_Passing_I002,I,/kaggle/input/datasets/anaghabpoojari11/surgbench/Needle_Passing/Needle_Passing/video/Needle_Passing_I002_capture2.avi,1401,1523,G3
Needle_Passing,Needle_Passing_I002,I,/kaggle/input/datasets/anaghabpoojari11/surgbench/Needle_Passing/Needle_Passing/video/Needle_Passing_I002_capture2.avi,1524,1864,G6
Needle_Passing,Needle_Passing_I002,I,/kaggle/input/datasets/anaghabpoojari11/surgbench/Needle_Passing/Needle_Passing/video/Needle_Passing_I002_capture2.avi,1865,1962,G4
Needle_Passing,Needle_Passing_I002,I,/kaggle/input/datasets/anaghabpoojari11/surgbench/Needle_Passing/Needle_Passing/video/Needle_Passing_I002_capture2.avi,1963,2331,G2
Needle_Passing,Needle_Passing_I002,I,/kaggle/input/datasets/anaghabpoojari11/surgbench/Needle_Passing/Needle_Passing/video/Needle_Passing_I002_capture2.avi,2332,2414,G3
Needle_Passing,Needle_Passing_I002,I,/kaggle/input/datasets/anaghabpoojari11/surgbench/Needle_Passing/Needle_Passing/video/Needle_Passing_I002_capture2.avi,2415,2640,G6
Needle_Passing,Needle_Passing_I002,I,/kaggle/input/datasets/anaghabpoojari11/surgbench/Needle_Passing/Needle_Passing/video/Needle_Passing_I002_capture2.avi,2641,2739,G4
Needle_Passing,Needle_Passing_I002,I,/kaggle/input/datasets/anaghabpoojari11/surgbench/Needle_Passing/Needle_Passing/video/Needle_Passing_I002_capture2.avi,2740,3124,G2
Needle_Passing,Needle_Passing_I002,I,/kaggle/input/datasets/anaghabpoojari11/surgbench/Needle_Passing/Needle_Passing/video/Needle_Passing_I002_capture2.avi,3125,3190,G3
Needle_Passing,Needle_Passing_I002,I,/kaggle/input/datasets/anaghabpoojari11/surgbench/Needle_Passing/Needle_Passing/video/Needle_Passing_I002_capture2.avi,3191,3327,G6
Needle_Passing,Needle_Passing_I002,I,/kaggle/input/datasets/anaghabpoojari11/surgbench/Needle_Passing/Needle_Passing/video/Needle_Passing_I002_capture2.avi,3328,3443,G11
Needle_Passing,Needle_Passing_I005,I,/kaggle/input/datasets/anaghabpoojari11/surgbench/Needle_Passing/Needle_Passing/video/Needle_Passing_I005_capture2.avi,1,51,G1
Needle_Passing,Needle_Passing_I005,I,/kaggle/input/datasets/anaghabpoojari11/surgbench/Needle_Passing/Needle_Passing/video/Needle_Passing_I005_capture2.avi,52,251,G5
Needle_Passing,Needle_Passing_I005,I,/kaggle/input/datasets/anaghabpoojari11/surgbench/Needle_Passing/Needle_Passing/video/Needle_Passing_I005_capture2.avi,252,448,G8
Needle_Passing,Needle_Passing_I005,I,/kaggle/input/datasets/anaghabpoojari11/surgbench/Needle_Passing/Needle_Passing/video/Needle_Passing_I005_capture2.avi,449,658,G2
Needle_Passing,Needle_Passing_I005,I,/kaggle/input/datasets/anaghabpoojari11/surgbench/Needle_Passing/Needle_Passing/video/Needle_Passing_I005_capture2.avi,659,755,G3
Needle_Passing,Needle_Passing_I005,I,/kaggle/input/datasets/anaghabpoojari11/surgbench/Needle_Passing/Needle_Passing/video/Needle_Passing_I005_capture2.avi,756,988,G6
Needle_Passing,Needle_Passing_I005,I,/kaggle/input/datasets/anaghabpoojari11/surgbench/Needle_Passing/Needle_Passing/video/Needle_Passing_I005_capture2.avi,989,1111,G4
Needle_Passing,Needle_Passing_I005,I,/kaggle/input/datasets/anaghabpoojari11/surgbench/Needle_Passing/Needle_Passing/video/Needle_Passing_I005_capture2.avi,1112,1517,G2
Needle_Passing,Needle_Passing_I005,I,/kaggle/input/datasets/anaghabpoojari11/surgbench/Needle_Passing/Needle_Passing/video/Needle_Passing_I005_capture2.avi,1518,1579,G3
Needle_Passing,Needle_Passing_I005,I,/kaggle/input/datasets/anaghabpoojari11/surgbench/Needle_Passing/Needle_Passing/video/Needle_Passing_I005_capture2.avi,1580,1719,G6
Needle_Passing,Needle_Passing_I005,I,/kaggle/input/datasets/anaghabpoojari11/surgbench/Needle_Passing/Needle_Passing/video/Needle_Passing_I005_capture2.avi,1720,1765,G4
Needle_Passing,Needle_Passing_I005,I,/kaggle/input/datasets/anaghabpoojari11/surgbench/Needle_Passing/Needle_Passing/video/Needle_Passing_I005_capture2.avi,1766,2136,G2
Needle_Passing,Needle_Passing_I005,I,/kaggle/input/datasets/anaghabpoojari11/surgbench/Needle_Passing/Needle_Passing/video/Needle_Passing_I005_capture2.avi,2137,2215,G3
Needle_Passing,Needle_Passing_I005,I,/kaggle/input/datasets/anaghabpoojari11/surgbench/Needle_Passing/Needle_Passing/video/Needle_Passing_I005_capture2.avi,2216,2486,G6
Needle_Passing,Needle_Passing_I005,I,/kaggle/input/datasets/anaghabpoojari11/surgbench/Needle_Passing/Needle_Passing/video/Needle_Passing_I005_capture2.avi,2487,2650,G4
Needle_Passing,Needle_Passing_I005,I,/kaggle/input/datasets/anaghabpoojari11/surgbench/Needle_Passing/Needle_Passing/video/Needle_Passing_I005_capture2.avi,2651,2944,G2
Needle_Passing,Needle_Passing_I005,I,/kaggle/input/datasets/anaghabpoojari11/surgbench/Needle_Passing/Needle_Passing/video/Needle_Passing_I005_capture2.avi,2945,3017,G3
Needle_Passing,Needle_Passing_I005,I,/kaggle/input/datasets/anaghabpoojari11/surgbench/Needle_Passing/Needle_Passing/video/Needle_Passing_I005_capture2.avi,3018,3278,G6
Needle_Passing,Needle_Passing_I005,I,/kaggle/input/datasets/anaghabpoojari11/surgbench/Needle_Passing/Needle_Passing/video/Needle_Passing_I005_capture2.avi,3279,3413,G11
Needle_Passing,Needle_Passing_E003,E,/kaggle/input/datasets/anaghabpoojari11/surgbench/Needle_Passing/Needle_Passing/video/Needle_Passing_E003_capture2.avi,103,147,G1
Needle_Passing,Needle_Passing_E003,E,/kaggle/input/datasets/anaghabpoojari11/surgbench/Needle_Passing/Needle_Passing/video/Needle_Passing_E003_capture2.avi,148,508,G5
Needle_Passing,Needle_Passing_E003,E,/kaggle/input/datasets/anaghabpoojari11/surgbench/Needle_Passing/Needle_Passing/video/Needle_Passing_E003_capture2.avi,509,766,G2
Needle_Passing,Needle_Passing_E003,E,/kaggle/input/datasets/anaghabpoojari11/surgbench/Needle_Passing/Needle_Passing/video/Needle_Passing_E003_capture2.avi,767,833,G3
Needle_Passing,Needle_Passing_E003,E,/kaggle/input/datasets/anaghabpoojari11/surgbench/Needle_Passing/Needle_Passing/video/Needle_Passing_E003_capture2.avi,834,958,G6
Needle_Passing,Needle_Passing_E003,E,/kaggle/input/datasets/anaghabpoojari11/surgbench/Needle_Passing/Needle_Passing/video/Needle_Passing_E003_capture2.avi,959,1028,G4
Needle_Passing,Needle_Passing_E003,E,/kaggle/input/datasets/anaghabpoojari11/surgbench/Needle_Passing/Needle_Passing/video/Needle_Passing_E003_capture2.avi,1029,1239,G2
Needle_Passing,Needle_Passing_E003,E,/kaggle/input/datasets/anaghabpoojari11/surgbench/Needle_Passing/Needle_Passing/video/Needle_Passing_E003_capture2.avi,1240,1333,G3
Needle_Passing,Needle_Passing_E003,E,/kaggle/input/datasets/anaghabpoojari11/surgbench/Needle_Passing/Needle_Passing/video/Needle_Passing_E003_capture2.avi,1334,1457,G6
Needle_Passing,Needle_Passing_E003,E,/kaggle/input/datasets/anaghabpoojari11/surgbench/Needle_Passing/Needle_Passing/video/Needle_Passing_E003_capture2.avi,1458,1608,G4
Needle_Passing,Needle_Passing_E003,E,/kaggle/input/datasets/anaghabpoojari11/surgbench/Needle_Passing/Needle_Passing/video/Needle_Passing_E003_capture2.avi,1609,2028,G2
Needle_Passing,Needle_Passing_E003,E,/kaggle/input/datasets/anaghabpoojari11/surgbench/Needle_Passing/Needle_Passing/video/Needle_Passing_E003_capture2.avi,2029,2282,G3
Needle_Passing,Needle_Passing_E003,E,/kaggle/input/datasets/anaghabpoojari11/surgbench/Needle_Passing/Needle_Passing/video/Needle_Passing_E003_capture2.avi,2283,2381,G6
Needle_Passing,Needle_Passing_E003,E,/kaggle/input/datasets/anaghabpoojari11/surgbench/Needle_Passing/Needle_Passing/video/Needle_Passing_E003_capture2.avi,2382,2606,G4
Needle_Passing,Needle_Passing_E003,E,/kaggle/input/datasets/anaghabpoojari11/surgbench/Needle_Passing/Needle_Passing/video/Needle_Passing_E003_capture2.avi,2607,2948,G2
Needle_Passing,Needle_Passing_E003,E,/kaggle/input/datasets/anaghabpoojari11/surgbench/Needle_Passing/Needle_Passing/video/Needle_Passing_E003_capture2.avi,2949,3063,G3
Needle_Passing,Needle_Passing_E003,E,/kaggle/input/datasets/anaghabpoojari11/surgbench/Needle_Passing/Needle_Passing/video/Needle_Passing_E003_capture2.avi,3064,3136,G6
Needle_Passing,Needle_Passing_E003,E,/kaggle/input/datasets/anaghabpoojari11/surgbench/Needle_Passing/Needle_Passing/video/Needle_Passing_E003_capture2.avi,3137,3414,G11
Needle_Passing,Needle_Passing_H005,H,/kaggle/input/datasets/anaghabpoojari11/surgbench/Needle_Passing/Needle_Passing/video/Needle_Passing_H005_capture2.avi,239,336,G1
Needle_Passing,Needle_Passing_H005,H,/kaggle/input/datasets/anaghabpoojari11/surgbench/Needle_Passing/Needle_Passing/video/Needle_Passing_H005_capture2.avi,337,518,G5
Needle_Passing,Needle_Passing_H005,H,/kaggle/input/datasets/anaghabpoojari11/surgbench/Needle_Passing/Needle_Passing/video/Needle_Passing_H005_capture2.avi,519,613,G8
Needle_Passing,Needle_Passing_H005,H,/kaggle/input/datasets/anaghabpoojari11/surgbench/Needle_Passing/Needle_Passing/video/Needle_Passing_H005_capture2.avi,614,893,G2
Needle_Passing,Needle_Passing_H005,H,/kaggle/input/datasets/anaghabpoojari11/surgbench/Needle_Passing/Needle_Passing/video/Needle_Passing_H005_capture2.avi,894,987,G3
Needle_Passing,Needle_Passing_H005,H,/kaggle/input/datasets/anaghabpoojari11/surgbench/Needle_Passing/Needle_Passing/video/Needle_Passing_H005_capture2.avi,988,1286,G6
Needle_Passing,Needle_Passing_H005,H,/kaggle/input/datasets/anaghabpoojari11/surgbench/Needle_Passing/Needle_Passing/video/Needle_Passing_H005_capture2.avi,1287,1378,G4
Needle_Passing,Needle_Passing_H005,H,/kaggle/input/datasets/anaghabpoojari11/surgbench/Needle_Passing/Needle_Passing/video/Needle_Passing_H005_capture2.avi,1379,1579,G2
Needle_Passing,Needle_Passing_H005,H,/kaggle/input/datasets/anaghabpoojari11/surgbench/Needle_Passing/Needle_Passing/video/Needle_Passing_H005_capture2.avi,1580,1685,G3
Needle_Passing,Needle_Passing_H005,H,/kaggle/input/datasets/anaghabpoojari11/surgbench/Needle_Passing/Needle_Passing/video/Needle_Passing_H005_capture2.avi,1686,1799,G6
Needle_Passing,Needle_Passing_H005,H,/kaggle/input/datasets/anaghabpoojari11/surgbench/Needle_Passing/Needle_Passing/video/Needle_Passing_H005_capture2.avi,1800,1881,G4
Needle_Passing,Needle_Passing_H005,H,/kaggle/input/datasets/anaghabpoojari11/surgbench/Needle_Passing/Needle_Passing/video/Needle_Passing_H005_capture2.avi,1882,2271,G2
Needle_Passing,Needle_Passing_H005,H,/kaggle/input/datasets/anaghabpoojari11/surgbench/Needle_Passing/Needle_Passing/video/Needle_Passing_H005_capture2.avi,2272,2354,G3
Needle_Passing,Needle_Passing_H005,H,/kaggle/input/datasets/anaghabpoojari11/surgbench/Needle_Passing/Needle_Passing/video/Needle_Passing_H005_capture2.avi,2355,2447,G6
Needle_Passing,Needle_Passing_H005,H,/kaggle/input/datasets/anaghabpoojari11/surgbench/Needle_Passing/Needle_Passing/video/Needle_Passing_H005_capture2.avi,2448,2513,G4
Needle_Passing,Needle_Passing_H005,H,/kaggle/input/datasets/anaghabpoojari11/surgbench/Needle_Passing/Needle_Passing/video/Needle_Passing_H005_capture2.avi,2514,2864,G2
Needle_Passing,Needle_Passing_H005,H,/kaggle/input/datasets/anaghabpoojari11/surgbench/Needle_Passing/Needle_Passing/video/Needle_Passing_H005_capture2.avi,2865,2980,G3
Needle_Passing,Needle_Passing_H005,H,/kaggle/input/datasets/anaghabpoojari11/surgbench/Needle_Passing/Needle_Passing/video/Needle_Passing_H005_capture2.avi,2981,3088,G6
Needle_Passing,Needle_Passing_H005,H,/kaggle/input/datasets/anaghabpoojari11/surgbench/Needle_Passing/Needle_Passing/video/Needle_Passing_H005_capture2.avi,3089,3249,G11
Needle_Passing,Needle_Passing_C005,C,/kaggle/input/datasets/anaghabpoojari11/surgbench/Needle_Passing/Needle_Passing/video/Needle_Passing_C005_capture2.avi,51,212,G1
Needle_Passing,Needle_Passing_C005,C,/kaggle/input/datasets/anaghabpoojari11/surgbench/Needle_Passing/Needle_Passing/video/Needle_Passing_C005_capture2.avi,213,259,G5
Needle_Passing,Needle_Passing_C005,C,/kaggle/input/datasets/anaghabpoojari11/surgbench/Needle_Passing/Needle_Passing/video/Needle_Passing_C005_capture2.avi,260,402,G8
Needle_Passing,Needle_Passing_C005,C,/kaggle/input/datasets/anaghabpoojari11/surgbench/Needle_Passing/Needle_Passing/video/Needle_Passing_C005_capture2.avi,403,626,G2
Needle_Passing,Needle_Passing_C005,C,/kaggle/input/datasets/anaghabpoojari11/surgbench/Needle_Passing/Needle_Passing/video/Needle_Passing_C005_capture2.avi,627,744,G3
Needle_Passing,Needle_Passing_C005,C,/kaggle/input/datasets/anaghabpoojari11/surgbench/Needle_Passing/Needle_Passing/video/Needle_Passing_C005_capture2.avi,745,813,G6
Needle_Passing,Needle_Passing_C005,C,/kaggle/input/datasets/anaghabpoojari11/surgbench/Needle_Passing/Needle_Passing/video/Needle_Passing_C005_capture2.avi,814,1003,G9
Needle_Passing,Needle_Passing_C005,C,/kaggle/input/datasets/anaghabpoojari11/surgbench/Needle_Passing/Needle_Passing/video/Needle_Passing_C005_capture2.avi,1004,1068,G4
Needle_Passing,Needle_Passing_C005,C,/kaggle/input/datasets/anaghabpoojari11/surgbench/Needle_Passing/Needle_Passing/video/Needle_Passing_C005_capture2.avi,1069,1112,G8
Needle_Passing,Needle_Passing_C005,C,/kaggle/input/datasets/anaghabpoojari11/surgbench/Needle_Passing/Needle_Passing/video/Needle_Passing_C005_capture2.avi,1113,1218,G2
Needle_Passing,Needle_Passing_C005,C,/kaggle/input/datasets/anaghabpoojari11/surgbench/Needle_Passing/Needle_Passing/video/Needle_Passing_C005_capture2.avi,1219,1285,G3
Needle_Passing,Needle_Passing_C005,C,/kaggle/input/datasets/anaghabpoojari11/surgbench/Needle_Passing/Needle_Passing/video/Needle_Passing_C005_capture2.avi,1286,1338,G6
Needle_Passing,Needle_Passing_C005,C,/kaggle/input/datasets/anaghabpoojari11/surgbench/Needle_Passing/Needle_Passing/video/Needle_Passing_C005_capture2.avi,1339,1399,G4
Needle_Passing,Needle_Passing_C005,C,/kaggle/input/datasets/anaghabpoojari11/surgbench/Needle_Passing/Needle_Passing/video/Needle_Passing_C005_capture2.avi,1400,1526,G2
Needle_Passing,Needle_Passing_C005,C,/kaggle/input/datasets/anaghabpoojari11/surgbench/Needle_Passing/Needle_Passing/video/Needle_Passing_C005_capture2.avi,1527,1583,G3
Needle_Passing,Needle_Passing_C005,C,/kaggle/input/datasets/anaghabpoojari11/surgbench/Needle_Passing/Needle_Passing/video/Needle_Passing_C005_capture2.avi,1584,1623,G6
Needle_Passing,Needle_Passing_C005,C,/kaggle/input/datasets/anaghabpoojari11/surgbench/Needle_Passing/Needle_Passing/video/Needle_Passing_C005_capture2.avi,1624,1678,G4
Needle_Passing,Needle_Passing_C005,C,/kaggle/input/datasets/anaghabpoojari11/surgbench/Needle_Passing/Needle_Passing/video/Needle_Passing_C005_capture2.avi,1679,2033,G2
Needle_Passing,Needle_Passing_C005,C,/kaggle/input/datasets/anaghabpoojari11/surgbench/Needle_Passing/Needle_Passing/video/Needle_Passing_C005_capture2.avi,2034,2113,G3
Needle_Passing,Needle_Passing_C005,C,/kaggle/input/datasets/anaghabpoojari11/surgbench/Needle_Passing/Needle_Passing/video/Needle_Passing_C005_capture2.avi,2114,2458,G6
Needle_Passing,Needle_Passing_C005,C,/kaggle/input/datasets/anaghabpoojari11/surgbench/Needle_Passing/Needle_Passing/video/Needle_Passing_C005_capture2.avi,2459,2557,G11
Needle_Passing,Needle_Passing_H004,H,/kaggle/input/datasets/anaghabpoojari11/surgbench/Needle_Passing/Needle_Passing/video/Needle_Passing_H004_capture2.avi,1,60,G1
Needle_Passing,Needle_Passing_H004,H,/kaggle/input/datasets/anaghabpoojari11/surgbench/Needle_Passing/Needle_Passing/video/Needle_Passing_H004_capture2.avi,61,140,G5
Needle_Passing,Needle_Passing_H004,H,/kaggle/input/datasets/anaghabpoojari11/surgbench/Needle_Passing/Needle_Passing/video/Needle_Passing_H004_capture2.avi,141,329,G2
Needle_Passing,Needle_Passing_H004,H,/kaggle/input/datasets/anaghabpoojari11/surgbench/Needle_Passing/Needle_Passing/video/Needle_Passing_H004_capture2.avi,330,407,G3
Needle_Passing,Needle_Passing_H004,H,/kaggle/input/datasets/anaghabpoojari11/surgbench/Needle_Passing/Needle_Passing/video/Needle_Passing_H004_capture2.avi,408,531,G6
Needle_Passing,Needle_Passing_H004,H,/kaggle/input/datasets/anaghabpoojari11/surgbench/Needle_Passing/Needle_Passing/video/Needle_Passing_H004_capture2.avi,532,682,G5
Needle_Passing,Needle_Passing_H004,H,/kaggle/input/datasets/anaghabpoojari11/surgbench/Needle_Passing/Needle_Passing/video/Needle_Passing_H004_capture2.avi,683,724,G6
Needle_Passing,Needle_Passing_H004,H,/kaggle/input/datasets/anaghabpoojari11/surgbench/Needle_Passing/Needle_Passing/video/Needle_Passing_H004_capture2.avi,725,820,G4
Needle_Passing,Needle_Passing_H004,H,/kaggle/input/datasets/anaghabpoojari11/surgbench/Needle_Passing/Needle_Passing/video/Needle_Passing_H004_capture2.avi,821,3480,G2
Needle_Passing,Needle_Passing_H002,H,/kaggle/input/datasets/anaghabpoojari11/surgbench/Needle_Passing/Needle_Passing/video/Needle_Passing_H002_capture2.avi,11,142,G1
Needle_Passing,Needle_Passing_H002,H,/kaggle/input/datasets/anaghabpoojari11/surgbench/Needle_Passing/Needle_Passing/video/Needle_Passing_H002_capture2.avi,143,249,G5
Needle_Passing,Needle_Passing_H002,H,/kaggle/input/datasets/anaghabpoojari11/surgbench/Needle_Passing/Needle_Passing/video/Needle_Passing_H002_capture2.avi,250,635,G8
Needle_Passing,Needle_Passing_H002,H,/kaggle/input/datasets/anaghabpoojari11/surgbench/Needle_Passing/Needle_Passing/video/Needle_Passing_H002_capture2.avi,636,849,G2
Needle_Passing,Needle_Passing_H002,H,/kaggle/input/datasets/anaghabpoojari11/surgbench/Needle_Passing/Needle_Passing/video/Needle_Passing_H002_capture2.avi,850,950,G3
Needle_Passing,Needle_Passing_H002,H,/kaggle/input/datasets/anaghabpoojari11/surgbench/Needle_Passing/Needle_Passing/video/Needle_Passing_H002_capture2.avi,951,1307,G3
Needle_Passing,Needle_Passing_H002,H,/kaggle/input/datasets/anaghabpoojari11/surgbench/Needle_Passing/Needle_Passing/video/Needle_Passing_H002_capture2.avi,1308,1451,G6
Needle_Passing,Needle_Passing_H002,H,/kaggle/input/datasets/anaghabpoojari11/surgbench/Needle_Passing/Needle_Passing/video/Needle_Passing_H002_capture2.avi,1452,1548,G4
Needle_Passing,Needle_Passing_H002,H,/kaggle/input/datasets/anaghabpoojari11/surgbench/Needle_Passing/Needle_Passing/video/Needle_Passing_H002_capture2.avi,1549,1958,G2
Needle_Passing,Needle_Passing_H002,H,/kaggle/input/datasets/anaghabpoojari11/surgbench/Needle_Passing/Needle_Passing/video/Needle_Passing_H002_capture2.avi,1959,2058,G3
Needle_Passing,Needle_Passing_H002,H,/kaggle/input/datasets/anaghabpoojari11/surgbench/Needle_Passing/Needle_Passing/video/Needle_Passing_H002_capture2.avi,2059,2414,G6
Needle_Passing,Needle_Passing_H002,H,/kaggle/input/datasets/anaghabpoojari11/surgbench/Needle_Passing/Needle_Passing/video/Needle_Passing_H002_capture2.avi,2415,2694,G2
Needle_Passing,Needle_Passing_H002,H,/kaggle/input/datasets/anaghabpoojari11/surgbench/Needle_Passing/Needle_Passing/video/Needle_Passing_H002_capture2.avi,2695,2771,G3
Needle_Passing,Needle_Passing_H002,H,/kaggle/input/datasets/anaghabpoojari11/surgbench/Needle_Passing/Needle_Passing/video/Needle_Passing_H002_capture2.avi,2772,2896,G6
Needle_Passing,Needle_Passing_H002,H,/kaggle/input/datasets/anaghabpoojari11/surgbench/Needle_Passing/Needle_Passing/video/Needle_Passing_H002_capture2.avi,2897,2945,G4
Needle_Passing,Needle_Passing_H002,H,/kaggle/input/datasets/anaghabpoojari11/surgbench/Needle_Passing/Needle_Passing/video/Needle_Passing_H002_capture2.avi,2946,3253,G2
Needle_Passing,Needle_Passing_H002,H,/kaggle/input/datasets/anaghabpoojari11/surgbench/Needle_Passing/Needle_Passing/video/Needle_Passing_H002_capture2.avi,3254,3367,G3
Needle_Passing,Needle_Passing_H002,H,/kaggle/input/datasets/anaghabpoojari11/surgbench/Needle_Passing/Needle_Passing/video/Needle_Passing_H002_capture2.avi,3368,3546,G6
Needle_Passing,Needle_Passing_H002,H,/kaggle/input/datasets/anaghabpoojari11/surgbench/Needle_Passing/Needle_Passing/video/Needle_Passing_H002_capture2.avi,3547,3687,G11
Needle_Passing,Needle_Passing_C004,C,/kaggle/input/datasets/anaghabpoojari11/surgbench/Needle_Passing/Needle_Passing/video/Needle_Passing_C004_capture2.avi,30,178,G1
Needle_Passing,Needle_Passing_C004,C,/kaggle/input/datasets/anaghabpoojari11/surgbench/Needle_Passing/Needle_Passing/video/Needle_Passing_C004_capture2.avi,179,237,G5
Needle_Passing,Needle_Passing_C004,C,/kaggle/input/datasets/anaghabpoojari11/surgbench/Needle_Passing/Needle_Passing/video/Needle_Passing_C004_capture2.avi,238,377,G8
Needle_Passing,Needle_Passing_C004,C,/kaggle/input/datasets/anaghabpoojari11/surgbench/Needle_Passing/Needle_Passing/video/Needle_Passing_C004_capture2.avi,378,641,G2
Needle_Passing,Needle_Passing_C004,C,/kaggle/input/datasets/anaghabpoojari11/surgbench/Needle_Passing/Needle_Passing/video/Needle_Passing_C004_capture2.avi,642,703,G3
Needle_Passing,Needle_Passing_C004,C,/kaggle/input/datasets/anaghabpoojari11/surgbench/Needle_Passing/Needle_Passing/video/Needle_Passing_C004_capture2.avi,704,804,G6
Needle_Passing,Needle_Passing_C004,C,/kaggle/input/datasets/anaghabpoojari11/surgbench/Needle_Passing/Needle_Passing/video/Needle_Passing_C004_capture2.avi,805,872,G4
Needle_Passing,Needle_Passing_C004,C,/kaggle/input/datasets/anaghabpoojari11/surgbench/Needle_Passing/Needle_Passing/video/Needle_Passing_C004_capture2.avi,873,1079,G2
Needle_Passing,Needle_Passing_C004,C,/kaggle/input/datasets/anaghabpoojari11/surgbench/Needle_Passing/Needle_Passing/video/Needle_Passing_C004_capture2.avi,1080,1145,G3
Needle_Passing,Needle_Passing_C004,C,/kaggle/input/datasets/anaghabpoojari11/surgbench/Needle_Passing/Needle_Passing/video/Needle_Passing_C004_capture2.avi,1146,1197,G6
Needle_Passing,Needle_Passing_C004,C,/kaggle/input/datasets/anaghabpoojari11/surgbench/Needle_Passing/Needle_Passing/video/Needle_Passing_C004_capture2.avi,1198,1309,G4
Needle_Passing,Needle_Passing_C004,C,/kaggle/input/datasets/anaghabpoojari11/surgbench/Needle_Passing/Needle_Passing/video/Needle_Passing_C004_capture2.avi,1310,1605,G2
Needle_Passing,Needle_Passing_C004,C,/kaggle/input/datasets/anaghabpoojari11/surgbench/Needle_Passing/Needle_Passing/video/Needle_Passing_C004_capture2.avi,1606,1664,G3
Needle_Passing,Needle_Passing_C004,C,/kaggle/input/datasets/anaghabpoojari11/surgbench/Needle_Passing/Needle_Passing/video/Needle_Passing_C004_capture2.avi,1665,1819,G6
Needle_Passing,Needle_Passing_C004,C,/kaggle/input/datasets/anaghabpoojari11/surgbench/Needle_Passing/Needle_Passing/video/Needle_Passing_C004_capture2.avi,1820,1915,G4
Needle_Passing,Needle_Passing_C004,C,/kaggle/input/datasets/anaghabpoojari11/surgbench/Needle_Passing/Needle_Passing/video/Needle_Passing_C004_capture2.avi,1916,2120,G2
Needle_Passing,Needle_Passing_C004,C,/kaggle/input/datasets/anaghabpoojari11/surgbench/Needle_Passing/Needle_Passing/video/Needle_Passing_C004_capture2.avi,2121,2216,G3
Needle_Passing,Needle_Passing_C004,C,/kaggle/input/datasets/anaghabpoojari11/surgbench/Needle_Passing/Needle_Passing/video/Needle_Passing_C004_capture2.avi,2217,2308,G6
Needle_Passing,Needle_Passing_C004,C,/kaggle/input/datasets/anaghabpoojari11/surgbench/Needle_Passing/Needle_Passing/video/Needle_Passing_C004_capture2.avi,2309,2400,G11
Needle_Passing,Needle_Passing_C003,C,/kaggle/input/datasets/anaghabpoojari11/surgbench/Needle_Passing/Needle_Passing/video/Needle_Passing_C003_capture2.avi,50,116,G1
Needle_Passing,Needle_Passing_C003,C,/kaggle/input/datasets/anaghabpoojari11/surgbench/Needle_Passing/Needle_Passing/video/Needle_Passing_C003_capture2.avi,117,176,G5
Needle_Passing,Needle_Passing_C003,C,/kaggle/input/datasets/anaghabpoojari11/surgbench/Needle_Passing/Needle_Passing/video/Needle_Passing_C003_capture2.avi,177,367,G8
Needle_Passing,Needle_Passing_C003,C,/kaggle/input/datasets/anaghabpoojari11/surgbench/Needle_Passing/Needle_Passing/video/Needle_Passing_C003_capture2.avi,368,694,G2
Needle_Passing,Needle_Passing_C003,C,/kaggle/input/datasets/anaghabpoojari11/surgbench/Needle_Passing/Needle_Passing/video/Needle_Passing_C003_capture2.avi,695,797,G3
Needle_Passing,Needle_Passing_C003,C,/kaggle/input/datasets/anaghabpoojari11/surgbench/Needle_Passing/Needle_Passing/video/Needle_Passing_C003_capture2.avi,798,824,G6
Needle_Passing,Needle_Passing_C003,C,/kaggle/input/datasets/anaghabpoojari11/surgbench/Needle_Passing/Needle_Passing/video/Needle_Passing_C003_capture2.avi,825,1213,G8
Needle_Passing,Needle_Passing_C003,C,/kaggle/input/datasets/anaghabpoojari11/surgbench/Needle_Passing/Needle_Passing/video/Needle_Passing_C003_capture2.avi,1214,1257,G6
Needle_Passing,Needle_Passing_C003,C,/kaggle/input/datasets/anaghabpoojari11/surgbench/Needle_Passing/Needle_Passing/video/Needle_Passing_C003_capture2.avi,1258,1346,G4
Needle_Passing,Needle_Passing_C003,C,/kaggle/input/datasets/anaghabpoojari11/surgbench/Needle_Passing/Needle_Passing/video/Needle_Passing_C003_capture2.avi,1347,1839,G2
Needle_Passing,Needle_Passing_C003,C,/kaggle/input/datasets/anaghabpoojari11/surgbench/Needle_Passing/Needle_Passing/video/Needle_Passing_C003_capture2.avi,1840,2061,G3
Needle_Passing,Needle_Passing_C003,C,/kaggle/input/datasets/anaghabpoojari11/surgbench/Needle_Passing/Needle_Passing/video/Needle_Passing_C003_capture2.avi,2062,2210,G8
Needle_Passing,Needle_Passing_C003,C,/kaggle/input/datasets/anaghabpoojari11/surgbench/Needle_Passing/Needle_Passing/video/Needle_Passing_C003_capture2.avi,2211,2336,G2
Needle_Passing,Needle_Passing_C003,C,/kaggle/input/datasets/anaghabpoojari11/surgbench/Needle_Passing/Needle_Passing/video/Needle_Passing_C003_capture2.avi,2337,2382,G3
Needle_Passing,Needle_Passing_C003,C,/kaggle/input/datasets/anaghabpoojari11/surgbench/Needle_Passing/Needle_Passing/video/Needle_Passing_C003_capture2.avi,2383,2471,G6
Needle_Passing,Needle_Passing_C003,C,/kaggle/input/datasets/anaghabpoojari11/surgbench/Needle_Passing/Needle_Passing/video/Needle_Passing_C003_capture2.avi,2472,2552,G4
Needle_Passing,Needle_Passing_C003,C,/kaggle/input/datasets/anaghabpoojari11/surgbench/Needle_Passing/Needle_Passing/video/Needle_Passing_C003_capture2.avi,2553,2710,G2
Needle_Passing,Needle_Passing_C003,C,/kaggle/input/datasets/anaghabpoojari11/surgbench/Needle_Passing/Needle_Passing/video/Needle_Passing_C003_capture2.avi,2711,2783,G3
Needle_Passing,Needle_Passing_C003,C,/kaggle/input/datasets/anaghabpoojari11/surgbench/Needle_Passing/Needle_Passing/video/Needle_Passing_C003_capture2.avi,2784,2870,G6
Needle_Passing,Needle_Passing_C003,C,/kaggle/input/datasets/anaghabpoojari11/surgbench/Needle_Passing/Needle_Passing/video/Needle_Passing_C003_capture2.avi,2871,2982,G4
Needle_Passing,Needle_Passing_C003,C,/kaggle/input/datasets/anaghabpoojari11/surgbench/Needle_Passing/Needle_Passing/video/Needle_Passing_C003_capture2.avi,2983,3215,G2
Needle_Passing,Needle_Passing_C003,C,/kaggle/input/datasets/anaghabpoojari11/surgbench/Needle_Passing/Needle_Passing/video/Needle_Passing_C003_capture2.avi,3216,3373,G3
Needle_Passing,Needle_Passing_C003,C,/kaggle/input/datasets/anaghabpoojari11/surgbench/Needle_Passing/Needle_Passing/video/Needle_Passing_C003_capture2.avi,3374,3443,G6
Needle_Passing,Needle_Passing_C003,C,/kaggle/input/datasets/anaghabpoojari11/surgbench/Needle_Passing/Needle_Passing/video/Needle_Passing_C003_capture2.avi,3444,3572,G11
Needle_Passing,Needle_Passing_F001,F,/kaggle/input/datasets/anaghabpoojari11/surgbench/Needle_Passing/Needle_Passing/video/Needle_Passing_F001_capture2.avi,1,67,G5
Needle_Passing,Needle_Passing_F001,F,/kaggle/input/datasets/anaghabpoojari11/surgbench/Needle_Passing/Needle_Passing/video/Needle_Passing_F001_capture2.avi,68,147,G8
Needle_Passing,Needle_Passing_F001,F,/kaggle/input/datasets/anaghabpoojari11/surgbench/Needle_Passing/Needle_Passing/video/Needle_Passing_F001_capture2.avi,148,374,G2
Needle_Passing,Needle_Passing_F001,F,/kaggle/input/datasets/anaghabpoojari11/surgbench/Needle_Passing/Needle_Passing/video/Needle_Passing_F001_capture2.avi,375,479,G3
Needle_Passing,Needle_Passing_F001,F,/kaggle/input/datasets/anaghabpoojari11/surgbench/Needle_Passing/Needle_Passing/video/Needle_Passing_F001_capture2.avi,480,578,G4
Needle_Passing,Needle_Passing_F001,F,/kaggle/input/datasets/anaghabpoojari11/surgbench/Needle_Passing/Needle_Passing/video/Needle_Passing_F001_capture2.avi,579,776,G2
Needle_Passing,Needle_Passing_F001,F,/kaggle/input/datasets/anaghabpoojari11/surgbench/Needle_Passing/Needle_Passing/video/Needle_Passing_F001_capture2.avi,777,884,G3
Needle_Passing,Needle_Passing_F001,F,/kaggle/input/datasets/anaghabpoojari11/surgbench/Needle_Passing/Needle_Passing/video/Needle_Passing_F001_capture2.avi,885,962,G6
Needle_Passing,Needle_Passing_F001,F,/kaggle/input/datasets/anaghabpoojari11/surgbench/Needle_Passing/Needle_Passing/video/Needle_Passing_F001_capture2.avi,963,1031,G4
Needle_Passing,Needle_Passing_F001,F,/kaggle/input/datasets/anaghabpoojari11/surgbench/Needle_Passing/Needle_Passing/video/Needle_Passing_F001_capture2.avi,1032,1198,G2
Needle_Passing,Needle_Passing_F001,F,/kaggle/input/datasets/anaghabpoojari11/surgbench/Needle_Passing/Needle_Passing/video/Needle_Passing_F001_capture2.avi,1199,1331,G3
Needle_Passing,Needle_Passing_F001,F,/kaggle/input/datasets/anaghabpoojari11/surgbench/Needle_Passing/Needle_Passing/video/Needle_Passing_F001_capture2.avi,1332,1384,G6
Needle_Passing,Needle_Passing_F001,F,/kaggle/input/datasets/anaghabpoojari11/surgbench/Needle_Passing/Needle_Passing/video/Needle_Passing_F001_capture2.avi,1385,1461,G4
Needle_Passing,Needle_Passing_F001,F,/kaggle/input/datasets/anaghabpoojari11/surgbench/Needle_Passing/Needle_Passing/video/Needle_Passing_F001_capture2.avi,1462,1569,G2
Needle_Passing,Needle_Passing_F001,F,/kaggle/input/datasets/anaghabpoojari11/surgbench/Needle_Passing/Needle_Passing/video/Needle_Passing_F001_capture2.avi,1570,1657,G3
Needle_Passing,Needle_Passing_F001,F,/kaggle/input/datasets/anaghabpoojari11/surgbench/Needle_Passing/Needle_Passing/video/Needle_Passing_F001_capture2.avi,1658,1722,G6
Needle_Passing,Needle_Passing_F001,F,/kaggle/input/datasets/anaghabpoojari11/surgbench/Needle_Passing/Needle_Passing/video/Needle_Passing_F001_capture2.avi,1723,1871,G11
Needle_Passing,Needle_Passing_D002,D,/kaggle/input/datasets/anaghabpoojari11/surgbench/Needle_Passing/Needle_Passing/video/Needle_Passing_D002_capture2.avi,42,170,G1
Needle_Passing,Needle_Passing_D002,D,/kaggle/input/datasets/anaghabpoojari11/surgbench/Needle_Passing/Needle_Passing/video/Needle_Passing_D002_capture2.avi,171,320,G5
Needle_Passing,Needle_Passing_D002,D,/kaggle/input/datasets/anaghabpoojari11/surgbench/Needle_Passing/Needle_Passing/video/Needle_Passing_D002_capture2.avi,321,423,G8
Needle_Passing,Needle_Passing_D002,D,/kaggle/input/datasets/anaghabpoojari11/surgbench/Needle_Passing/Needle_Passing/video/Needle_Passing_D002_capture2.avi,424,660,G2
Needle_Passing,Needle_Passing_D002,D,/kaggle/input/datasets/anaghabpoojari11/surgbench/Needle_Passing/Needle_Passing/video/Needle_Passing_D002_capture2.avi,661,746,G3
Needle_Passing,Needle_Passing_D002,D,/kaggle/input/datasets/anaghabpoojari11/surgbench/Needle_Passing/Needle_Passing/video/Needle_Passing_D002_capture2.avi,747,805,G6
Needle_Passing,Needle_Passing_D002,D,/kaggle/input/datasets/anaghabpoojari11/surgbench/Needle_Passing/Needle_Passing/video/Needle_Passing_D002_capture2.avi,806,890,G4
Needle_Passing,Needle_Passing_D002,D,/kaggle/input/datasets/anaghabpoojari11/surgbench/Needle_Passing/Needle_Passing/video/Needle_Passing_D002_capture2.avi,891,1090,G2
Needle_Passing,Needle_Passing_D002,D,/kaggle/input/datasets/anaghabpoojari11/surgbench/Needle_Passing/Needle_Passing/video/Needle_Passing_D002_capture2.avi,1091,1134,G3
Needle_Passing,Needle_Passing_D002,D,/kaggle/input/datasets/anaghabpoojari11/surgbench/Needle_Passing/Needle_Passing/video/Needle_Passing_D002_capture2.avi,1135,1219,G6
Needle_Passing,Needle_Passing_D002,D,/kaggle/input/datasets/anaghabpoojari11/surgbench/Needle_Passing/Needle_Passing/video/Needle_Passing_D002_capture2.avi,1220,1318,G4
Needle_Passing,Needle_Passing_D002,D,/kaggle/input/datasets/anaghabpoojari11/surgbench/Needle_Passing/Needle_Passing/video/Needle_Passing_D002_capture2.avi,1319,1810,G2
Needle_Passing,Needle_Passing_D002,D,/kaggle/input/datasets/anaghabpoojari11/surgbench/Needle_Passing/Needle_Passing/video/Needle_Passing_D002_capture2.avi,1811,1881,G3
Needle_Passing,Needle_Passing_D002,D,/kaggle/input/datasets/anaghabpoojari11/surgbench/Needle_Passing/Needle_Passing/video/Needle_Passing_D002_capture2.avi,1882,1991,G6
Needle_Passing,Needle_Passing_D002,D,/kaggle/input/datasets/anaghabpoojari11/surgbench/Needle_Passing/Needle_Passing/video/Needle_Passing_D002_capture2.avi,1992,2068,G4
Needle_Passing,Needle_Passing_D002,D,/kaggle/input/datasets/anaghabpoojari11/surgbench/Needle_Passing/Needle_Passing/video/Needle_Passing_D002_capture2.avi,2069,2400,G2
Needle_Passing,Needle_Passing_D002,D,/kaggle/input/datasets/anaghabpoojari11/surgbench/Needle_Passing/Needle_Passing/video/Needle_Passing_D002_capture2.avi,2401,2549,G5
Needle_Passing,Needle_Passing_D002,D,/kaggle/input/datasets/anaghabpoojari11/surgbench/Needle_Passing/Needle_Passing/video/Needle_Passing_D002_capture2.avi,2550,2609,G8
Needle_Passing,Needle_Passing_D002,D,/kaggle/input/datasets/anaghabpoojari11/surgbench/Needle_Passing/Needle_Passing/video/Needle_Passing_D002_capture2.avi,2610,2850,G2
Needle_Passing,Needle_Passing_D002,D,/kaggle/input/datasets/anaghabpoojari11/surgbench/Needle_Passing/Needle_Passing/video/Needle_Passing_D002_capture2.avi,2851,2957,G3
Needle_Passing,Needle_Passing_D002,D,/kaggle/input/datasets/anaghabpoojari11/surgbench/Needle_Passing/Needle_Passing/video/Needle_Passing_D002_capture2.avi,2958,3036,G6
Needle_Passing,Needle_Passing_D002,D,/kaggle/input/datasets/anaghabpoojari11/surgbench/Needle_Passing/Needle_Passing/video/Needle_Passing_D002_capture2.avi,3037,3187,G11
Needle_Passing,Needle_Passing_D004,D,/kaggle/input/datasets/anaghabpoojari11/surgbench/Needle_Passing/Needle_Passing/video/Needle_Passing_D004_capture2.avi,32,165,G1
Needle_Passing,Needle_Passing_D004,D,/kaggle/input/datasets/anaghabpoojari11/surgbench/Needle_Passing/Needle_Passing/video/Needle_Passing_D004_capture2.avi,166,290,G5
Needle_Passing,Needle_Passing_D004,D,/kaggle/input/datasets/anaghabpoojari11/surgbench/Needle_Passing/Needle_Passing/video/Needle_Passing_D004_capture2.avi,291,377,G8
Needle_Passing,Needle_Passing_D004,D,/kaggle/input/datasets/anaghabpoojari11/surgbench/Needle_Passing/Needle_Passing/video/Needle_Passing_D004_capture2.avi,378,639,G2
Needle_Passing,Needle_Passing_D004,D,/kaggle/input/datasets/anaghabpoojari11/surgbench/Needle_Passing/Needle_Passing/video/Needle_Passing_D004_capture2.avi,640,704,G3
Needle_Passing,Needle_Passing_D004,D,/kaggle/input/datasets/anaghabpoojari11/surgbench/Needle_Passing/Needle_Passing/video/Needle_Passing_D004_capture2.avi,705,805,G6
Needle_Passing,Needle_Passing_D004,D,/kaggle/input/datasets/anaghabpoojari11/surgbench/Needle_Passing/Needle_Passing/video/Needle_Passing_D004_capture2.avi,806,872,G4
Needle_Passing,Needle_Passing_D004,D,/kaggle/input/datasets/anaghabpoojari11/surgbench/Needle_Passing/Needle_Passing/video/Needle_Passing_D004_capture2.avi,873,1080,G2
Needle_Passing,Needle_Passing_D004,D,/kaggle/input/datasets/anaghabpoojari11/surgbench/Needle_Passing/Needle_Passing/video/Needle_Passing_D004_capture2.avi,1081,1147,G3
Needle_Passing,Needle_Passing_D004,D,/kaggle/input/datasets/anaghabpoojari11/surgbench/Needle_Passing/Needle_Passing/video/Needle_Passing_D004_capture2.avi,1148,1198,G6
Needle_Passing,Needle_Passing_D004,D,/kaggle/input/datasets/anaghabpoojari11/surgbench/Needle_Passing/Needle_Passing/video/Needle_Passing_D004_capture2.avi,1199,1310,G4
Needle_Passing,Needle_Passing_D004,D,/kaggle/input/datasets/anaghabpoojari11/surgbench/Needle_Passing/Needle_Passing/video/Needle_Passing_D004_capture2.avi,1311,1606,G2
Needle_Passing,Needle_Passing_D004,D,/kaggle/input/datasets/anaghabpoojari11/surgbench/Needle_Passing/Needle_Passing/video/Needle_Passing_D004_capture2.avi,1607,1676,G3
Needle_Passing,Needle_Passing_D004,D,/kaggle/input/datasets/anaghabpoojari11/surgbench/Needle_Passing/Needle_Passing/video/Needle_Passing_D004_capture2.avi,1677,1821,G6
Needle_Passing,Needle_Passing_D004,D,/kaggle/input/datasets/anaghabpoojari11/surgbench/Needle_Passing/Needle_Passing/video/Needle_Passing_D004_capture2.avi,1822,1917,G4
Needle_Passing,Needle_Passing_D004,D,/kaggle/input/datasets/anaghabpoojari11/surgbench/Needle_Passing/Needle_Passing/video/Needle_Passing_D004_capture2.avi,1918,2125,G2
Needle_Passing,Needle_Passing_D004,D,/kaggle/input/datasets/anaghabpoojari11/surgbench/Needle_Passing/Needle_Passing/video/Needle_Passing_D004_capture2.avi,2126,2219,G3
Needle_Passing,Needle_Passing_D004,D,/kaggle/input/datasets/anaghabpoojari11/surgbench/Needle_Passing/Needle_Passing/video/Needle_Passing_D004_capture2.avi,2220,2308,G6
Needle_Passing,Needle_Passing_D004,D,/kaggle/input/datasets/anaghabpoojari11/surgbench/Needle_Passing/Needle_Passing/video/Needle_Passing_D004_capture2.avi,2309,2685,G11
